
ProjetoFinalAAM.elf:     file format elf32-littleriscv
ProjetoFinalAAM.elf
architecture: riscv:rv32, flags 0x00000112:
EXEC_P, HAS_SYMS, D_PAGED
start address 0x00000000

Program Header:
0x70000003 off    0x00022807 vaddr 0x00000000 paddr 0x00000000 align 2**0
         filesz 0x00000029 memsz 0x00000000 flags r--
    LOAD off    0x00001000 vaddr 0x00000000 paddr 0x00000000 align 2**12
         filesz 0x00002aa4 memsz 0x00002aa4 flags r-x
    LOAD off    0x00004000 vaddr 0x20000000 paddr 0x00002aa4 align 2**12
         filesz 0x00000048 memsz 0x00000290 flags rw-
    LOAD off    0x00000700 vaddr 0x20000700 paddr 0x20000700 align 2**12
         filesz 0x00000000 memsz 0x00000100 flags rw-

Sections:
Idx Name          Size      VMA       LMA       File off  Algn
  0 .init         000000a0  00000000  00000000  00001000  2**2
                  CONTENTS, ALLOC, LOAD, READONLY, CODE
  1 .highcodelalign 00000000  000000a0  000000a0  00004048  2**0
                  CONTENTS
  2 .highcode     00000000  20000000  20000000  00004048  2**0
                  CONTENTS
  3 .text         00002a04  000000a0  000000a0  000010a0  2**2
                  CONTENTS, ALLOC, LOAD, READONLY, CODE
  4 .fini         00000000  00002aa4  00002aa4  00004048  2**0
                  CONTENTS, ALLOC, LOAD, CODE
  5 .dalign       00000000  20000000  20000000  00004048  2**0
                  CONTENTS
  6 .dlalign      00000000  00002aa4  00002aa4  00004048  2**0
                  CONTENTS
  7 .data         00000048  20000000  00002aa4  00004000  2**2
                  CONTENTS, ALLOC, LOAD, DATA
  8 .bss          00000248  20000048  00002aec  00004048  2**2
                  ALLOC
  9 .stack        00000100  20000700  20000700  00004700  2**0
                  ALLOC
 10 .debug_info   0000b1e8  00000000  00000000  00004048  2**0
                  CONTENTS, READONLY, DEBUGGING, OCTETS
 11 .debug_abbrev 00002ad0  00000000  00000000  0000f230  2**0
                  CONTENTS, READONLY, DEBUGGING, OCTETS
 12 .debug_aranges 00000b50  00000000  00000000  00011d00  2**3
                  CONTENTS, READONLY, DEBUGGING, OCTETS
 13 .debug_rnglists 00000ca9  00000000  00000000  00012850  2**0
                  CONTENTS, READONLY, DEBUGGING, OCTETS
 14 .debug_line   0000b74b  00000000  00000000  000134f9  2**0
                  CONTENTS, READONLY, DEBUGGING, OCTETS
 15 .debug_str    0000331d  00000000  00000000  0001ec44  2**0
                  CONTENTS, READONLY, DEBUGGING, OCTETS
 16 .debug_line_str 00000840  00000000  00000000  00021f61  2**0
                  CONTENTS, READONLY, DEBUGGING, OCTETS
 17 .comment      00000066  00000000  00000000  000227a1  2**0
                  CONTENTS, READONLY
 18 .riscv.attributes 00000029  00000000  00000000  00022807  2**0
                  CONTENTS, READONLY
 19 .debug_frame  000017a0  00000000  00000000  00022830  2**2
                  CONTENTS, READONLY, DEBUGGING, OCTETS
 20 .debug_loclists 00003e09  00000000  00000000  00023fd0  2**0
                  CONTENTS, READONLY, DEBUGGING, OCTETS
SYMBOL TABLE:
00000000 l    d  .init	00000000 .init
000000a0 l    d  .highcodelalign	00000000 .highcodelalign
20000000 l    d  .highcode	00000000 .highcode
000000a0 l    d  .text	00000000 .text
00002aa4 l    d  .fini	00000000 .fini
20000000 l    d  .dalign	00000000 .dalign
00002aa4 l    d  .dlalign	00000000 .dlalign
20000000 l    d  .data	00000000 .data
20000048 l    d  .bss	00000000 .bss
20000700 l    d  .stack	00000000 .stack
00000000 l    d  .debug_info	00000000 .debug_info
00000000 l    d  .debug_abbrev	00000000 .debug_abbrev
00000000 l    d  .debug_aranges	00000000 .debug_aranges
00000000 l    d  .debug_rnglists	00000000 .debug_rnglists
00000000 l    d  .debug_line	00000000 .debug_line
00000000 l    d  .debug_str	00000000 .debug_str
00000000 l    d  .debug_line_str	00000000 .debug_line_str
00000000 l    d  .comment	00000000 .comment
00000000 l    d  .riscv.attributes	00000000 .riscv.attributes
00000000 l    d  .debug_frame	00000000 .debug_frame
00000000 l    d  .debug_loclists	00000000 .debug_loclists
00000000 l    df *ABS*	00000000 startup_ch32v00x.o
00000000 l    df *ABS*	00000000 save-restore.o
00000000 l    df *ABS*	00000000 muldi3.o
00000000 l    df *ABS*	00000000 div.o
00000000 l    df *ABS*	00000000 lib_a-memcpy-asm.o
00000000 l    df *ABS*	00000000 lib_a-memset.o
00000000 l    df *ABS*	00000000 Sound.c
20000001 l     O .data	00000001 state.1
20000000 l     O .data	00000001 state_buzzer.0
00000000 l    df *ABS*	00000000 SysError.c
00000000 l    df *ABS*	00000000 SysTick.c
00000000 l    df *ABS*	00000000 ThrustManager.c
200000b0 l     O .bss	00000040 buffer.0
00000000 l    df *ABS*	00000000 ADC.c
00000000 l    df *ABS*	00000000 Comunication.c
2000015c l     O .bss	00000040 processing_buffer.0
00000000 l    df *ABS*	00000000 Hal.c
00000000 l    df *ABS*	00000000 PPM.c
00000000 l    df *ABS*	00000000 PWM.c
2000027c l     O .bss	00000004 timer_period
2000026c l     O .bss	00000010 TIM_OCInitStructure.0
00000000 l    df *ABS*	00000000 Appl.c
00000000 l    df *ABS*	00000000 main.c
00000000 l    df *ABS*	00000000 ch32v00x_it.c
00000000 l    df *ABS*	00000000 system_ch32v00x.c
00000000 l    df *ABS*	00000000 ch32v00x_adc.c
00000000 l    df *ABS*	00000000 ch32v00x_dma.c
00000000 l    df *ABS*	00000000 ch32v00x_exti.c
00000000 l    df *ABS*	00000000 ch32v00x_gpio.c
00000000 l    df *ABS*	00000000 ch32v00x_misc.c
00000000 l    df *ABS*	00000000 ch32v00x_rcc.c
20000038 l     O .data	00000010 APBAHBPrescTable
20000024 l     O .data	00000014 ADCPrescTable
00000000 l    df *ABS*	00000000 ch32v00x_tim.c
00000000 l    df *ABS*	00000000 ch32v00x_usart.c
00000000 l    df *ABS*	00000000 debug.c
00000000 l    df *ABS*	00000000 wchprintf.c
00000000 l    df *ABS*	00000000 _divdi3.o
00000000 l    df *ABS*	00000000 multi3.o
00000000 l    df *ABS*	00000000 lib_a-strlen.o
00002038  w    F .text	00000004 printDouble
20000058 g     O .bss	00000001 err_last
0000075a g     F .text	00000196 ADC__Initialize
0000185c g     F .text	00000014 DMA_Cmd
20000148 g     O .bss	00000012 DMA_Buffer
000023c2 g     F .text	00000508 .hidden __divdi3
0000203c  w    F .text	0000035e print
0000017c g     F .text	00000018 Sounds__PlaySounds
000003a4 g     F .text	00000006 SysTick_GetTick
20000848 g       .data	00000000 __global_pointer$
00001558  w      .text	00000000 TIM1_CC_IRQHandler
00001408 g     F .text	00000010 HardFault_Handler
00000370 g     F .text	00000034 Timer__MsHandler
00001f1c  w    F .text	00000118 printInt
0000168c g     F .text	00000012 ADC_DMACmd
00000202 g     F .text	0000002a Sounds__Background
000003c2 g     F .text	00000020 SysTick_Handler
000016b0 g     F .text	0000000a ADC_StartCalibration
000019ca g     F .text	00000062 NVIC_Init
00001558  w      .text	00000000 PVD_IRQHandler
20000130 g     O .bss	00000004 RPM_count
00001406 g     F .text	00000002 NMI_Handler
000003aa g     F .text	00000018 SysTick_GetElapsedTime
00000e72 g     F .text	0000000c Hal_GetAnalogInput
2000025c g     O .bss	00000004 AD_Channel
000004a2 g     F .text	0000004a Thrust_UpdateData
000008f0 g     F .text	00000064 ADC_Handler
00001d9e g     F .text	0000000a USART_GetFlagStatus
20000048 g       .bss	00000000 _sbss
20000134 g     O .bss	00000012 ADC_Buffer
00000100 g       *ABS*	00000000 __stack_size
00000954 g     F .text	00000016 ADC__GetValue
00001824 g     F .text	00000038 DMA_Init
200000a8 g     O .bss	00000004 SysTick_Count
00001870 g     F .text	00000008 DMA_GetCurrDataCounter
000000aa g     F .text	0000000a .hidden __riscv_restore_2
0000044e g     F .text	00000054 ThrustManager_SetLoadCell
00001c5c g     F .text	00000016 TIM_CtrlPWMOutputs
0000014a g     F .text	00000016 memcpy
0000167c g     F .text	00000010 ADC_Cmd
00000f40 g     F .text	00000014 LoadCellTare
00002034  w    F .text	00000004 printLongLongInt
00001c44 g     F .text	00000018 TIM_Cmd
000000d4 g     F .text	0000002c .hidden __hidden___udivsi3
20000020 g     O .data	00000004 SystemCoreClock
20000264 g     O .bss	00000004 PPM_duty
0000297c g     O .text	00000007 PWM_Enable_Table
000000d4 g     F .text	0000002c .hidden __udivsi3
00000a90 g     F .text	0000002c Comunication_Init
20000238 g     O .bss	00000008 LoadCellStore
000000a0 g       .init	00000000 _einit
200000a4 g     O .bss	00000004 SysTick_State
00001b08 g     F .text	0000001e RCC_APB2PeriphClockCmd
00001916 g     F .text	00000076 GPIO_Init
00001a3e g     F .text	00000014 RCC_ADCCLKConfig
2000000c g     O .data	00000004 SelectCell
2000028c g     O .bss	00000004 NVIC_Priority_Group
00001558  w      .text	00000000 SPI1_IRQHandler
0000169e g     F .text	0000000a ADC_ResetCalibration
20000280 g     O .bss	00000004 Status
00001d70 g     F .text	00000014 USART_Cmd
000000a0 g     F .text	0000000a .hidden __riscv_save_1
000000aa g     F .text	0000000a .hidden __riscv_restore_0
00001558  w      .text	00000000 AWU_IRQHandler
0000070e g     F .text	0000004c EXTI7_0_IRQHandler
00000582 g     F .text	0000018c CMP_BackgroundHandler
00001b26 g     F .text	0000001e RCC_APB1PeriphClockCmd
20000700 g       .stack	00000000 _heap_end
20000120 g     O .bss	00000010 data_in
00001aea g     F .text	0000001e RCC_AHBPeriphClockCmd
00001558  w      .text	00000000 DMA1_Channel4_IRQHandler
000016da g     F .text	000000b8 ADC_RegularChannelConfig
00001558  w      .text	00000000 ADC1_IRQHandler
20000284 g     O .bss	00000004 prev_Slot
20000054 g     O .bss	00000004 tick_error
00001878 g     F .text	0000000e DMA_GetFlagStatus
0000190a g     F .text	0000000c EXTI_ClearITPendingBit
000016ba g     F .text	00000008 ADC_GetCalibrationStatus
00000b24 g     F .text	00000020 GetInputData
20000290 g       .bss	00000000 _ebss
00001558  w      .text	00000000 DMA1_Channel7_IRQHandler
000016c2 g     F .text	00000018 ADC_SoftwareStartConvCmd
000016a8 g     F .text	00000008 ADC_GetResetCalibrationStatus
00000e7e g     F .text	0000000a LoadCellSelect
00000446 g     F .text	00000008 ThrustManager_SetMotorAction
20000050 g     O .bss	00000004 PlaySound
00000170 g     F .text	0000000c Sounds__Initialize
0000100a g     F .text	00000048 PPM_SetValue
200001f0 g     O .bss	00000040 TxBuffer1
00001c72 g     F .text	0000001a TIM_ARRPreloadConfig
00001998 g     F .text	0000000a GPIO_WriteBit
00000100 g     F .text	00000008 .hidden __umodsi3
2000004c g     O .bss	00000004 id_Sound
00001558  w      .text	00000000 I2C1_EV_IRQHandler
00000194 g     F .text	0000006e ErrorSoundHandler
00000c06 g     F .text	0000013c find_pattern
00001a52 g     F .text	00000098 RCC_GetClocksFreq
00001558  w      .text	00000000 DMA1_Channel6_IRQHandler
00001ca2 g     F .text	000000ce USART_Init
20000260 g     O .bss	00000004 time_period
00001558  w      .text	00000000 RCC_IRQHandler
2000024c g     O .bss	00000006 AD_Sample
20000048 g     O .bss	00000004 on_tick
00001558  w      .text	00000000 TIM1_TRG_COM_IRQHandler
00000a04 g     F .text	0000008c DMA_INIT
00001558  w      .text	00000000 DMA1_Channel1_IRQHandler
00000000 g       .init	00000000 _start
20000010 g     O .data	00000010 AHBPrescTable
00001c8c g     F .text	00000016 TIM_OC2PreloadConfig
00001e36  w    F .text	000000e6 prints
20000268 g     O .bss	00000004 Global_state
00001bb0 g     F .text	00000094 TIM_OC2Init
20000240 g     O .bss	00000006 Hal_Analog_Inputs
00000f54 g     F .text	00000016 Hal__SetBuzzer
20000000 g       .highcode	00000000 _highcode_vma_start
0000188e g     F .text	00000062 EXTI_Init
000000b4 g     F .text	00000014 .hidden __mulsi3
00000f6a g     F .text	00000094 ADProcess
00000e88 g     F .text	000000a0 LoadCellRead
20000248 g     O .bss	00000003 AD_Counter
20000000 g       .dalign	00000000 _data_vma
0000096a g     F .text	0000009a USARTx_CFG
20000104 g     O .bss	0000001b data_out
00001308 g     F .text	0000003a Appl__Handler
000019a2 g     F .text	00000022 GPIO_EXTILineConfig
00000d82 g     F .text	000000f0 Hal__Initialize
000018f0 g     F .text	0000001a EXTI_GetITStatus
20000100 g     O .bss	00000002 Duty
00000160 g     F .text	00000010 memset
00001a2c g     F .text	00000012 RCC_AdjustHSICalibrationValue
00001342 g     F .text	000000c4 main
00000f28 g     F .text	00000018 GetCellRead
00000d42 g     F .text	00000040 ProcessReceivedData
000002f4 g     F .text	0000007c SysTick_Init
00000b44 g     F .text	000000c2 ReceiveData
00001558  w      .text	00000000 DMA1_Channel5_IRQHandler
000000cc g     F .text	00000058 .hidden __divsi3
200000ac g     O .bss	00000001 Flag_tickMS
000000a0 g       .highcodelalign	00000000 _highcode_lma
00001418 g     F .text	000000da SystemInit
00001dee  w    F .text	00000048 printchar
00001052 g     F .text	0000005e PPM_Initialize
0000239a g     F .text	00000028 sprintf
000029a4 g     O .text	00000100 .hidden __clz_tab
00000000 g       .init	00000000 _sinit
00001558  w      .text	00000000 DMA1_Channel3_IRQHandler
00001558  w      .text	00000000 TIM1_UP_IRQHandler
00001558  w      .text	00000000 WWDG_IRQHandler
00001558  w      .text	00000000 TIM2_IRQHandler
20000800 g       .stack	00000000 _eusrstack
000000a0 g     F .text	0000000a .hidden __riscv_save_2
00001558  w      .text	00000000 SW_Handler
200000f8 g     O .bss	00000002 LenghtPWM
00000ffe g     F .text	0000000c Hal__BackgroundHandler
00001608 g     F .text	00000026 ADC_DeInit
000002de g     F .text	00000016 Error_GetStatus
00001558  w      .text	00000000 TIM1_BRK_IRQHandler
0000162e g     F .text	0000004e ADC_Init
00001d96 g     F .text	00000008 USART_SendData
0000122c g     F .text	000000d0 Pwm__Initialize
200000fc g     O .bss	00000004 PWM_tick
00001da8 g     F .text	00000046 _write
000010b0 g     F .text	000000ca Pwm__SetTCFrequency
20000048 g       .data	00000000 _edata
200000f4 g     O .bss	00000004 LastPWM_tick
20000290 g       .bss	00000000 _end
20000000 g       .highcode	00000000 _highcode_vma_end
00001b62 g     F .text	0000004e TIM_TimeBaseInit
0000022c g     F .text	00000014 Error_Detect
00002aa4 g       .dlalign	00000000 _data_lma
200000f0 g     O .bss	00000004 prev_RPM_tick
200001b0 g     O .bss	00000040 RxBuffer1
2000005c g     O .bss	00000020 err_vect
00000410 g     F .text	00000030 SupervisionCMP
000014f2 g     F .text	00000066 SystemCoreClockUpdate
00000124 g     F .text	00000024 .hidden __modsi3
00001558  w      .text	00000000 DMA1_Channel2_IRQHandler
00000240 g     F .text	00000014 Error_Erase
00001886 g     F .text	00000008 DMA_ClearFlag
0000155a  w      .text	00000000 handle_reset
000012fc g     F .text	0000000c Appl__Initialize
00001558  w      .text	00000000 FLASH_IRQHandler
000000a0 g     F .text	0000000a .hidden __riscv_save_0
20000002 g     O .data	00000002 rho0
20000230 g     O .bss	00000008 LoadCellOffset
000028ca g     F .text	00000076 .hidden __muldi3
00001558  w      .text	00000000 USART1_IRQHandler
20000288 g     O .bss	00000004 Slot
00002940 g     F .text	00000010 strlen
0000117a g     F .text	000000b2 Pwm__SetDutyCycle
00001b44 g     F .text	0000001e RCC_APB2PeriphResetCmd
00001558  w      .text	00000000 I2C1_ER_IRQHandler
000019c4 g     F .text	00000006 NVIC_PriorityGroupConfig
00001792 g     F .text	00000092 DMA_DeInit
000000aa g     F .text	0000000a .hidden __riscv_restore_1
00000abc g     F .text	00000068 SendData
200001ac g     O .bss	00000001 NewData
20000004 g     O .data	00000008 Calib
2000019c g     O .bss	00000010 data_buffer
2000007c g     O .bss	00000028 Ms_Timers
0000198c g     F .text	0000000c GPIO_ReadInputDataBit
00002970 g     O .text	00000009 Adc_Enable_Table
00001d84 g     F .text	00000012 USART_DMACmd
000003e2 g     F .text	0000002e CheckCriticalError
000004ec g     F .text	00000096 newton_sqrt
00000440 g     F .text	00000006 CMPInitialize
00000254 g     F .text	0000008a Error_Handler
20000254 g     O .bss	00000006 AD_Accumulator



Disassembly of section .init:

00000000 <_sinit>:
   0:	55a0106f          	j	155a <handle_reset>
   4:	00000000          	.word	0x00000000
   8:	00001406          	.word	0x00001406
   c:	00001408          	.word	0x00001408
	...
  30:	000003c2          	.word	0x000003c2
  34:	00000000          	.word	0x00000000
  38:	00001558          	.word	0x00001558
  3c:	00000000          	.word	0x00000000
  40:	00001558          	.word	0x00001558
  44:	00001558          	.word	0x00001558
  48:	00001558          	.word	0x00001558
  4c:	00001558          	.word	0x00001558
  50:	0000070e          	.word	0x0000070e
  54:	00001558          	.word	0x00001558
  58:	00001558          	.word	0x00001558
  5c:	00001558          	.word	0x00001558
  60:	00001558          	.word	0x00001558
  64:	00001558          	.word	0x00001558
  68:	00001558          	.word	0x00001558
  6c:	00001558          	.word	0x00001558
  70:	00001558          	.word	0x00001558
  74:	00001558          	.word	0x00001558
  78:	00001558          	.word	0x00001558
  7c:	00001558          	.word	0x00001558
  80:	00001558          	.word	0x00001558
  84:	00001558          	.word	0x00001558
  88:	00001558          	.word	0x00001558
  8c:	00001558          	.word	0x00001558
  90:	00001558          	.word	0x00001558
  94:	00001558          	.word	0x00001558
  98:	00001558          	.word	0x00001558
  9c:	0000                	unimp
	...

Disassembly of section .text:

000000a0 <__riscv_save_0>:
      a0:	1151                	addi	sp,sp,-12
      a2:	c026                	sw	s1,0(sp)
      a4:	c222                	sw	s0,4(sp)
      a6:	c406                	sw	ra,8(sp)
      a8:	8282                	jr	t0

000000aa <__riscv_restore_0>:
      aa:	4482                	lw	s1,0(sp)
      ac:	4412                	lw	s0,4(sp)
      ae:	40a2                	lw	ra,8(sp)
      b0:	0131                	addi	sp,sp,12
      b2:	8082                	ret

000000b4 <__mulsi3>:
      b4:	862a                	mv	a2,a0
      b6:	4501                	li	a0,0
      b8:	0015f693          	andi	a3,a1,1
      bc:	c291                	beqz	a3,c0 <__mulsi3+0xc>
      be:	9532                	add	a0,a0,a2
      c0:	8185                	srli	a1,a1,0x1
      c2:	0606                	slli	a2,a2,0x1
      c4:	f9f5                	bnez	a1,b8 <__mulsi3+0x4>
      c6:	8082                	ret
      c8:	0000                	unimp
	...

000000cc <__divsi3>:
      cc:	02054e63          	bltz	a0,108 <__umodsi3+0x8>
      d0:	0405c363          	bltz	a1,116 <__umodsi3+0x16>

000000d4 <__hidden___udivsi3>:
      d4:	862e                	mv	a2,a1
      d6:	85aa                	mv	a1,a0
      d8:	557d                	li	a0,-1
      da:	c215                	beqz	a2,fe <__hidden___udivsi3+0x2a>
      dc:	4685                	li	a3,1
      de:	00b67863          	bgeu	a2,a1,ee <__hidden___udivsi3+0x1a>
      e2:	00c05663          	blez	a2,ee <__hidden___udivsi3+0x1a>
      e6:	0606                	slli	a2,a2,0x1
      e8:	0686                	slli	a3,a3,0x1
      ea:	feb66ce3          	bltu	a2,a1,e2 <__hidden___udivsi3+0xe>
      ee:	4501                	li	a0,0
      f0:	00c5e463          	bltu	a1,a2,f8 <__hidden___udivsi3+0x24>
      f4:	8d91                	sub	a1,a1,a2
      f6:	8d55                	or	a0,a0,a3
      f8:	8285                	srli	a3,a3,0x1
      fa:	8205                	srli	a2,a2,0x1
      fc:	faf5                	bnez	a3,f0 <__hidden___udivsi3+0x1c>
      fe:	8082                	ret

00000100 <__umodsi3>:
     100:	8286                	mv	t0,ra
     102:	3fc9                	jal	d4 <__hidden___udivsi3>
     104:	852e                	mv	a0,a1
     106:	8282                	jr	t0
     108:	40a00533          	neg	a0,a0
     10c:	00b04763          	bgtz	a1,11a <__umodsi3+0x1a>
     110:	40b005b3          	neg	a1,a1
     114:	b7c1                	j	d4 <__hidden___udivsi3>
     116:	40b005b3          	neg	a1,a1
     11a:	8286                	mv	t0,ra
     11c:	3f65                	jal	d4 <__hidden___udivsi3>
     11e:	40a00533          	neg	a0,a0
     122:	8282                	jr	t0

00000124 <__modsi3>:
     124:	8286                	mv	t0,ra
     126:	0005c763          	bltz	a1,134 <__modsi3+0x10>
     12a:	00054963          	bltz	a0,13c <__modsi3+0x18>
     12e:	375d                	jal	d4 <__hidden___udivsi3>
     130:	852e                	mv	a0,a1
     132:	8282                	jr	t0
     134:	40b005b3          	neg	a1,a1
     138:	fe055be3          	bgez	a0,12e <__modsi3+0xa>
     13c:	40a00533          	neg	a0,a0
     140:	3f51                	jal	d4 <__hidden___udivsi3>
     142:	40b00533          	neg	a0,a1
     146:	8282                	jr	t0
	...

0000014a <memcpy>:
     14a:	832a                	mv	t1,a0
     14c:	ca09                	beqz	a2,15e <memcpy+0x14>
     14e:	00058383          	lb	t2,0(a1)
     152:	00730023          	sb	t2,0(t1)
     156:	167d                	addi	a2,a2,-1
     158:	0305                	addi	t1,t1,1
     15a:	0585                	addi	a1,a1,1
     15c:	fa6d                	bnez	a2,14e <memcpy+0x4>
     15e:	8082                	ret

00000160 <memset>:
     160:	832a                	mv	t1,a0
     162:	c611                	beqz	a2,16e <memset+0xe>
     164:	00b30023          	sb	a1,0(t1)
     168:	167d                	addi	a2,a2,-1
     16a:	0305                	addi	t1,t1,1
     16c:	fe65                	bnez	a2,164 <memset+0x4>
     16e:	8082                	ret

00000170 <Sounds__Initialize>:
     170:	200007b7          	lui	a5,0x20000
     174:	4705                	li	a4,1
     176:	04e7a823          	sw	a4,80(a5) # 20000050 <PlaySound>
     17a:	8082                	ret

0000017c <Sounds__PlaySounds>:
     17c:	4785                	li	a5,1
     17e:	00a7ea63          	bltu	a5,a0,192 <Sounds__PlaySounds+0x16>
     182:	200007b7          	lui	a5,0x20000
     186:	04a7a823          	sw	a0,80(a5) # 20000050 <PlaySound>
     18a:	200007b7          	lui	a5,0x20000
     18e:	04b7a623          	sw	a1,76(a5) # 2000004c <id_Sound>
     192:	8082                	ret

00000194 <ErrorSoundHandler>:
     194:	f0dff2ef          	jal	t0,a0 <__riscv_save_0>
     198:	200004b7          	lui	s1,0x20000
     19c:	04c4a503          	lw	a0,76(s1) # 2000004c <id_Sound>
     1a0:	cd31                	beqz	a0,1fc <ErrorSoundHandler+0x68>
     1a2:	20000437          	lui	s0,0x20000
     1a6:	04842503          	lw	a0,72(s0) # 20000048 <on_tick>
     1aa:	2401                	jal	3aa <SysTick_GetElapsedTime>
     1ac:	6799                	lui	a5,0x6
     1ae:	1a778793          	addi	a5,a5,423 # 61a7 <_data_lma+0x3703>
     1b2:	04a7f463          	bgeu	a5,a0,1fa <ErrorSoundHandler+0x66>
     1b6:	20000737          	lui	a4,0x20000
     1ba:	00174783          	lbu	a5,1(a4) # 20000001 <state.1>
     1be:	0ff00693          	li	a3,255
     1c2:	02d79e63          	bne	a5,a3,1fe <ErrorSoundHandler+0x6a>
     1c6:	04c4a783          	lw	a5,76(s1)
     1ca:	0786                	slli	a5,a5,0x1
     1cc:	0ff7f793          	zext.b	a5,a5
     1d0:	00f700a3          	sb	a5,1(a4)
     1d4:	e791                	bnez	a5,1e0 <ErrorSoundHandler+0x4c>
     1d6:	57fd                	li	a5,-1
     1d8:	0404a623          	sw	zero,76(s1)
     1dc:	00f700a3          	sb	a5,1(a4)
     1e0:	200007b7          	lui	a5,0x20000
     1e4:	0007c503          	lbu	a0,0(a5) # 20000000 <state_buzzer.0>
     1e8:	00153513          	seqz	a0,a0
     1ec:	00a78023          	sb	a0,0(a5)
     1f0:	565000ef          	jal	ra,f54 <Hal__SetBuzzer>
     1f4:	2a45                	jal	3a4 <SysTick_GetTick>
     1f6:	04a42423          	sw	a0,72(s0)
     1fa:	4505                	li	a0,1
     1fc:	b57d                	j	aa <__riscv_restore_0>
     1fe:	17fd                	addi	a5,a5,-1
     200:	b7f1                	j	1cc <ErrorSoundHandler+0x38>

00000202 <Sounds__Background>:
     202:	e9fff2ef          	jal	t0,a0 <__riscv_save_0>
     206:	20000437          	lui	s0,0x20000
     20a:	05042783          	lw	a5,80(s0) # 20000050 <PlaySound>
     20e:	c789                	beqz	a5,218 <Sounds__Background+0x16>
     210:	4705                	li	a4,1
     212:	00e78963          	beq	a5,a4,224 <Sounds__Background+0x22>
     216:	bd51                	j	aa <__riscv_restore_0>
     218:	3fb5                	jal	194 <ErrorSoundHandler>
     21a:	fd75                	bnez	a0,216 <Sounds__Background+0x14>
     21c:	4785                	li	a5,1
     21e:	04f42823          	sw	a5,80(s0)
     222:	bfd5                	j	216 <Sounds__Background+0x14>
     224:	4501                	li	a0,0
     226:	52f000ef          	jal	ra,f54 <Hal__SetBuzzer>
     22a:	b7f5                	j	216 <Sounds__Background+0x14>

0000022c <Error_Detect>:
     22c:	c989                	beqz	a1,23e <Error_Detect+0x12>
     22e:	200007b7          	lui	a5,0x20000
     232:	058a                	slli	a1,a1,0x2
     234:	05c78793          	addi	a5,a5,92 # 2000005c <err_vect>
     238:	97ae                	add	a5,a5,a1
     23a:	4705                	li	a4,1
     23c:	c398                	sw	a4,0(a5)
     23e:	8082                	ret

00000240 <Error_Erase>:
     240:	c989                	beqz	a1,252 <Error_Erase+0x12>
     242:	200007b7          	lui	a5,0x20000
     246:	058a                	slli	a1,a1,0x2
     248:	05c78793          	addi	a5,a5,92 # 2000005c <err_vect>
     24c:	97ae                	add	a5,a5,a1
     24e:	0007a023          	sw	zero,0(a5)
     252:	8082                	ret

00000254 <Error_Handler>:
     254:	e4dff2ef          	jal	t0,a0 <__riscv_save_0>
     258:	1161                	addi	sp,sp,-8
     25a:	200007b7          	lui	a5,0x20000
     25e:	c002                	sw	zero,0(sp)
     260:	c202                	sw	zero,4(sp)
     262:	05c78793          	addi	a5,a5,92 # 2000005c <err_vect>
     266:	4701                	li	a4,0
     268:	4401                	li	s0,0
     26a:	4605                	li	a2,1
     26c:	46a1                	li	a3,8
     26e:	438c                	lw	a1,0(a5)
     270:	00c59a63          	bne	a1,a2,284 <Error_Handler+0x30>
     274:	00840593          	addi	a1,s0,8
     278:	958a                	add	a1,a1,sp
     27a:	0405                	addi	s0,s0,1
     27c:	fee58c23          	sb	a4,-8(a1)
     280:	0ff47413          	zext.b	s0,s0
     284:	0705                	addi	a4,a4,1
     286:	0791                	addi	a5,a5,4
     288:	fed713e3          	bne	a4,a3,26e <Error_Handler+0x1a>
     28c:	c015                	beqz	s0,2b0 <Error_Handler+0x5c>
     28e:	80c1a503          	lw	a0,-2036(gp) # 20000054 <tick_error>
     292:	2a21                	jal	3aa <SysTick_GetElapsedTime>
     294:	67e1                	lui	a5,0x18
     296:	6a078793          	addi	a5,a5,1696 # 186a0 <_data_lma+0x15bfc>
     29a:	00a7fb63          	bgeu	a5,a0,2b0 <Error_Handler+0x5c>
     29e:	4785                	li	a5,1
     2a0:	00f41a63          	bne	s0,a5,2b4 <Error_Handler+0x60>
     2a4:	800c                	lbu	a1,0(sp)
     2a6:	4501                	li	a0,0
     2a8:	3dd1                	jal	17c <Sounds__PlaySounds>
     2aa:	28ed                	jal	3a4 <SysTick_GetTick>
     2ac:	80a1a623          	sw	a0,-2036(gp) # 20000054 <tick_error>
     2b0:	0121                	addi	sp,sp,8
     2b2:	bbe5                	j	aa <__riscv_restore_0>
     2b4:	8101c703          	lbu	a4,-2032(gp) # 20000058 <err_last>
     2b8:	4501                	li	a0,0
     2ba:	00870793          	addi	a5,a4,8
     2be:	00278733          	add	a4,a5,sp
     2c2:	ff874583          	lbu	a1,-8(a4)
     2c6:	3d5d                	jal	17c <Sounds__PlaySounds>
     2c8:	8101c703          	lbu	a4,-2032(gp) # 20000058 <err_last>
     2cc:	00871563          	bne	a4,s0,2d6 <Error_Handler+0x82>
     2d0:	80018823          	sb	zero,-2032(gp) # 20000058 <err_last>
     2d4:	bfd9                	j	2aa <Error_Handler+0x56>
     2d6:	0705                	addi	a4,a4,1
     2d8:	80e18823          	sb	a4,-2032(gp) # 20000058 <err_last>
     2dc:	b7f9                	j	2aa <Error_Handler+0x56>

000002de <Error_GetStatus>:
     2de:	200007b7          	lui	a5,0x20000
     2e2:	050a                	slli	a0,a0,0x2
     2e4:	05c78793          	addi	a5,a5,92 # 2000005c <err_vect>
     2e8:	97aa                	add	a5,a5,a0
     2ea:	4388                	lw	a0,0(a5)
     2ec:	157d                	addi	a0,a0,-1
     2ee:	00153513          	seqz	a0,a0
     2f2:	8082                	ret

000002f4 <SysTick_Init>:
     2f4:	dadff2ef          	jal	t0,a0 <__riscv_save_0>
     2f8:	e000f7b7          	lui	a5,0xe000f
     2fc:	0007a023          	sw	zero,0(a5) # e000f000 <__global_pointer$+0xc000e7b8>
     300:	200007b7          	lui	a5,0x20000
     304:	0207a503          	lw	a0,32(a5) # 20000020 <SystemCoreClock>
     308:	000c35b7          	lui	a1,0xc3
     30c:	50058593          	addi	a1,a1,1280 # c3500 <_data_lma+0xc0a5c>
     310:	33d1                	jal	d4 <__hidden___udivsi3>
     312:	157d                	addi	a0,a0,-1
     314:	010007b7          	lui	a5,0x1000
     318:	00f56463          	bltu	a0,a5,320 <SysTick_Init+0x2c>
     31c:	fff78513          	addi	a0,a5,-1 # ffffff <_data_lma+0xffd55b>
     320:	e000f7b7          	lui	a5,0xe000f
     324:	0007a423          	sw	zero,8(a5) # e000f008 <__global_pointer$+0xc000e7c0>
     328:	cb88                	sw	a0,16(a5)
     32a:	472d                	li	a4,11
     32c:	c398                	sw	a4,0(a5)
     32e:	e000e7b7          	lui	a5,0xe000e
     332:	6705                	lui	a4,0x1
     334:	10e7a023          	sw	a4,256(a5) # e000e100 <__global_pointer$+0xc000d8b8>
     338:	4705                	li	a4,1
     33a:	84e1ae23          	sw	a4,-1956(gp) # 200000a4 <SysTick_State>
     33e:	8601a023          	sw	zero,-1952(gp) # 200000a8 <SysTick_Count>
     342:	83418793          	addi	a5,gp,-1996 # 2000007c <Ms_Timers>
     346:	0007a023          	sw	zero,0(a5)
     34a:	0007a223          	sw	zero,4(a5)
     34e:	0007a423          	sw	zero,8(a5)
     352:	0007a623          	sw	zero,12(a5)
     356:	0007a823          	sw	zero,16(a5)
     35a:	0007aa23          	sw	zero,20(a5)
     35e:	0007ac23          	sw	zero,24(a5)
     362:	0007ae23          	sw	zero,28(a5)
     366:	0207a023          	sw	zero,32(a5)
     36a:	0207a223          	sw	zero,36(a5)
     36e:	bb35                	j	aa <__riscv_restore_0>

00000370 <Timer__MsHandler>:
     370:	8641c703          	lbu	a4,-1948(gp) # 200000ac <Flag_tickMS>
     374:	06300793          	li	a5,99
     378:	02e7f563          	bgeu	a5,a4,3a2 <Timer__MsHandler+0x32>
     37c:	83418793          	addi	a5,gp,-1996 # 2000007c <Ms_Timers>
     380:	02878613          	addi	a2,a5,40
     384:	4585                	li	a1,1
     386:	4398                	lw	a4,0(a5)
     388:	00b71863          	bne	a4,a1,398 <Timer__MsHandler+0x28>
     38c:	43d8                	lw	a4,4(a5)
     38e:	177d                	addi	a4,a4,-1 # fff <Hal__BackgroundHandler+0x1>
     390:	c3d8                	sw	a4,4(a5)
     392:	e319                	bnez	a4,398 <Timer__MsHandler+0x28>
     394:	0007a023          	sw	zero,0(a5)
     398:	07a1                	addi	a5,a5,8
     39a:	fec796e3          	bne	a5,a2,386 <Timer__MsHandler+0x16>
     39e:	86018223          	sb	zero,-1948(gp) # 200000ac <Flag_tickMS>
     3a2:	8082                	ret

000003a4 <SysTick_GetTick>:
     3a4:	8601a503          	lw	a0,-1952(gp) # 200000a8 <SysTick_Count>
     3a8:	8082                	ret

000003aa <SysTick_GetElapsedTime>:
     3aa:	85c1a703          	lw	a4,-1956(gp) # 200000a4 <SysTick_State>
     3ae:	4785                	li	a5,1
     3b0:	00f71763          	bne	a4,a5,3be <SysTick_GetElapsedTime+0x14>
     3b4:	8601a783          	lw	a5,-1952(gp) # 200000a8 <SysTick_Count>
     3b8:	40a78533          	sub	a0,a5,a0
     3bc:	8082                	ret
     3be:	4501                	li	a0,0
     3c0:	8082                	ret

000003c2 <SysTick_Handler>:
     3c2:	e000f7b7          	lui	a5,0xe000f
     3c6:	0007a223          	sw	zero,4(a5) # e000f004 <__global_pointer$+0xc000e7bc>
     3ca:	8601a783          	lw	a5,-1952(gp) # 200000a8 <SysTick_Count>
     3ce:	0785                	addi	a5,a5,1
     3d0:	86f1a023          	sw	a5,-1952(gp) # 200000a8 <SysTick_Count>
     3d4:	8641c783          	lbu	a5,-1948(gp) # 200000ac <Flag_tickMS>
     3d8:	0785                	addi	a5,a5,1
     3da:	86f18223          	sb	a5,-1948(gp) # 200000ac <Flag_tickMS>
     3de:	30200073          	mret

000003e2 <CheckCriticalError>:
     3e2:	cbfff2ef          	jal	t0,a0 <__riscv_save_0>
     3e6:	8bc18793          	addi	a5,gp,-1860 # 20000104 <data_out>
     3ea:	00078d23          	sb	zero,26(a5)
     3ee:	4405                	li	s0,1
     3f0:	8bc18493          	addi	s1,gp,-1860 # 20000104 <data_out>
     3f4:	8522                	mv	a0,s0
     3f6:	35e5                	jal	2de <Error_GetStatus>
     3f8:	fff40793          	addi	a5,s0,-1
     3fc:	00f51533          	sll	a0,a0,a5
     400:	2cbc                	lbu	a5,26(s1)
     402:	0405                	addi	s0,s0,1
     404:	8d5d                	or	a0,a0,a5
     406:	aca8                	sb	a0,26(s1)
     408:	47a1                	li	a5,8
     40a:	fef415e3          	bne	s0,a5,3f4 <CheckCriticalError+0x12>
     40e:	b971                	j	aa <__riscv_restore_0>

00000410 <SupervisionCMP>:
     410:	c91ff2ef          	jal	t0,a0 <__riscv_save_0>
     414:	8d818513          	addi	a0,gp,-1832 # 20000120 <data_in>
     418:	70c000ef          	jal	ra,b24 <GetInputData>
     41c:	8d81c783          	lbu	a5,-1832(gp) # 20000120 <data_in>
     420:	0af00713          	li	a4,175
     424:	4505                	li	a0,1
     426:	00e78c63          	beq	a5,a4,43e <SupervisionCMP+0x2e>
     42a:	0ff00713          	li	a4,255
     42e:	4501                	li	a0,0
     430:	00e78763          	beq	a5,a4,43e <SupervisionCMP+0x2e>
     434:	17c5                	addi	a5,a5,-15
     436:	00f037b3          	snez	a5,a5
     43a:	00179513          	slli	a0,a5,0x1
     43e:	b1b5                	j	aa <__riscv_restore_0>

00000440 <CMPInitialize>:
     440:	8e01a423          	sw	zero,-1816(gp) # 20000130 <RPM_count>
     444:	8082                	ret

00000446 <ThrustManager_SetMotorAction>:
     446:	8b81d503          	lhu	a0,-1864(gp) # 20000100 <Duty>
     44a:	3c10006f          	j	100a <PPM_SetValue>

0000044e <ThrustManager_SetLoadCell>:
     44e:	c53ff2ef          	jal	t0,a0 <__riscv_save_0>
     452:	8d818413          	addi	s0,gp,-1832 # 20000120 <data_in>
     456:	201c                	lbu	a5,0(s0)
     458:	0cf00713          	li	a4,207
     45c:	02e78b63          	beq	a5,a4,492 <ThrustManager_SetLoadCell+0x44>
     460:	0ff00713          	li	a4,255
     464:	00e78c63          	beq	a5,a4,47c <ThrustManager_SetLoadCell+0x2e>
     468:	473d                	li	a4,15
     46a:	02e79363          	bne	a5,a4,490 <ThrustManager_SetLoadCell+0x42>
     46e:	4501                	li	a0,0
     470:	2d1000ef          	jal	ra,f40 <LoadCellTare>
     474:	4505                	li	a0,1
     476:	2cb000ef          	jal	ra,f40 <LoadCellTare>
     47a:	a809                	j	48c <ThrustManager_SetLoadCell+0x3e>
     47c:	4058                	lw	a4,4(s0)
     47e:	200007b7          	lui	a5,0x20000
     482:	00478793          	addi	a5,a5,4 # 20000004 <Calib>
     486:	c398                	sw	a4,0(a5)
     488:	4418                	lw	a4,8(s0)
     48a:	c3d8                	sw	a4,4(a5)
     48c:	00040023          	sb	zero,0(s0)
     490:	b929                	j	aa <__riscv_restore_0>
     492:	beef07b7          	lui	a5,0xbeef0
     496:	e000e737          	lui	a4,0xe000e
     49a:	08078793          	addi	a5,a5,128 # beef0080 <__global_pointer$+0x9eeef838>
     49e:	c73c                	sw	a5,72(a4)
     4a0:	bfc5                	j	490 <ThrustManager_SetLoadCell+0x42>

000004a2 <Thrust_UpdateData>:
     4a2:	bffff2ef          	jal	t0,a0 <__riscv_save_0>
     4a6:	8bc18613          	addi	a2,gp,-1860 # 20000104 <data_out>
     4aa:	01a60783          	lb	a5,26(a2)
     4ae:	1131                	addi	sp,sp,-20
     4b0:	c83e                	sw	a5,16(sp)
     4b2:	8b81d783          	lhu	a5,-1864(gp) # 20000100 <Duty>
     4b6:	658d                	lui	a1,0x3
     4b8:	95058593          	addi	a1,a1,-1712 # 2950 <strlen+0x10>
     4bc:	c63e                	sw	a5,12(sp)
     4be:	01661783          	lh	a5,22(a2)
     4c2:	86818513          	addi	a0,gp,-1944 # 200000b0 <buffer.0>
     4c6:	c43e                	sw	a5,8(sp)
     4c8:	01461783          	lh	a5,20(a2)
     4cc:	c23e                	sw	a5,4(sp)
     4ce:	4a1c                	lw	a5,16(a2)
     4d0:	c03e                	sw	a5,0(sp)
     4d2:	465c                	lw	a5,12(a2)
     4d4:	4618                	lw	a4,8(a2)
     4d6:	4254                	lw	a3,4(a2)
     4d8:	4210                	lw	a2,0(a2)
     4da:	6c1010ef          	jal	ra,239a <sprintf>
     4de:	04000593          	li	a1,64
     4e2:	86818513          	addi	a0,gp,-1944 # 200000b0 <buffer.0>
     4e6:	2bd9                	jal	abc <SendData>
     4e8:	0151                	addi	sp,sp,20
     4ea:	b6c1                	j	aa <__riscv_restore_0>

000004ec <newton_sqrt>:
     4ec:	bb5ff2ef          	jal	t0,a0 <__riscv_save_0>
     4f0:	1151                	addi	sp,sp,-12
     4f2:	4401                	li	s0,0
     4f4:	04a05863          	blez	a0,544 <newton_sqrt+0x58>
     4f8:	06400613          	li	a2,100
     4fc:	4681                	li	a3,0
     4fe:	41f55593          	srai	a1,a0,0x1f
     502:	842a                	mv	s0,a0
     504:	3c6020ef          	jal	ra,28ca <__muldi3>
     508:	c02a                	sw	a0,0(sp)
     50a:	c22e                	sw	a1,4(sp)
     50c:	4705                	li	a4,1
     50e:	00e40363          	beq	s0,a4,514 <newton_sqrt+0x28>
     512:	8405                	srai	s0,s0,0x1
     514:	4502                	lw	a0,0(sp)
     516:	4592                	lw	a1,4(sp)
     518:	41f45693          	srai	a3,s0,0x1f
     51c:	8622                	mv	a2,s0
     51e:	c436                	sw	a3,8(sp)
     520:	6a3010ef          	jal	ra,23c2 <__divdi3>
     524:	46a2                	lw	a3,8(sp)
     526:	00850733          	add	a4,a0,s0
     52a:	00a73533          	sltu	a0,a4,a0
     52e:	95b6                	add	a1,a1,a3
     530:	952e                	add	a0,a0,a1
     532:	057e                	slli	a0,a0,0x1f
     534:	8305                	srli	a4,a4,0x1
     536:	8f49                	or	a4,a4,a0
     538:	00870663          	beq	a4,s0,544 <newton_sqrt+0x58>
     53c:	843a                	mv	s0,a4
     53e:	44a9                	li	s1,10
     540:	14fd                	addi	s1,s1,-1
     542:	e481                	bnez	s1,54a <newton_sqrt+0x5e>
     544:	8522                	mv	a0,s0
     546:	0131                	addi	sp,sp,12
     548:	b68d                	j	aa <__riscv_restore_0>
     54a:	4502                	lw	a0,0(sp)
     54c:	4592                	lw	a1,4(sp)
     54e:	41f45693          	srai	a3,s0,0x1f
     552:	8622                	mv	a2,s0
     554:	c436                	sw	a3,8(sp)
     556:	66d010ef          	jal	ra,23c2 <__divdi3>
     55a:	46a2                	lw	a3,8(sp)
     55c:	00850733          	add	a4,a0,s0
     560:	00a73533          	sltu	a0,a4,a0
     564:	95b6                	add	a1,a1,a3
     566:	952e                	add	a0,a0,a1
     568:	01f55693          	srli	a3,a0,0x1f
     56c:	9736                	add	a4,a4,a3
     56e:	00d736b3          	sltu	a3,a4,a3
     572:	96aa                	add	a3,a3,a0
     574:	06fe                	slli	a3,a3,0x1f
     576:	8305                	srli	a4,a4,0x1
     578:	8f55                	or	a4,a4,a3
     57a:	fc8705e3          	beq	a4,s0,544 <newton_sqrt+0x58>
     57e:	843a                	mv	s0,a4
     580:	b7c1                	j	540 <newton_sqrt+0x54>

00000582 <CMP_BackgroundHandler>:
     582:	b1fff2ef          	jal	t0,a0 <__riscv_save_0>
     586:	1121                	addi	sp,sp,-24
     588:	4501                	li	a0,0
     58a:	20000437          	lui	s0,0x20000
     58e:	19b000ef          	jal	ra,f28 <GetCellRead>
     592:	00440413          	addi	s0,s0,4 # 20000004 <Calib>
     596:	400c                	lw	a1,0(s0)
     598:	3e35                	jal	d4 <__hidden___udivsi3>
     59a:	c22a                	sw	a0,4(sp)
     59c:	4505                	li	a0,1
     59e:	18b000ef          	jal	ra,f28 <GetCellRead>
     5a2:	404c                	lw	a1,4(s0)
     5a4:	3e05                	jal	d4 <__hidden___udivsi3>
     5a6:	4712                	lw	a4,4(sp)
     5a8:	c42a                	sw	a0,8(sp)
     5aa:	03200793          	li	a5,50
     5ae:	459d                	li	a1,7
     5b0:	4505                	li	a0,1
     5b2:	12e7fa63          	bgeu	a5,a4,6e6 <CMP_BackgroundHandler+0x164>
     5b6:	399d                	jal	22c <Error_Detect>
     5b8:	4712                	lw	a4,4(sp)
     5ba:	67c1                	lui	a5,0x10
     5bc:	12f74663          	blt	a4,a5,6e8 <CMP_BackgroundHandler+0x166>
     5c0:	4599                	li	a1,6
     5c2:	4505                	li	a0,1
     5c4:	31a5                	jal	22c <Error_Detect>
     5c6:	4505                	li	a0,1
     5c8:	0ab000ef          	jal	ra,e72 <Hal_GetAnalogInput>
     5cc:	659d                	lui	a1,0x7
     5ce:	53058593          	addi	a1,a1,1328 # 7530 <_data_lma+0x4a8c>
     5d2:	34cd                	jal	b4 <__mulsi3>
     5d4:	c02a                	sw	a0,0(sp)
     5d6:	4501                	li	a0,0
     5d8:	09b000ef          	jal	ra,e72 <Hal_GetAnalogInput>
     5dc:	6485                	lui	s1,0x1
     5de:	38848593          	addi	a1,s1,904 # 1388 <main+0x46>
     5e2:	3cc9                	jal	b4 <__mulsi3>
     5e4:	3ff00593          	li	a1,1023
     5e8:	34d5                	jal	cc <__divsi3>
     5ea:	77fd                	lui	a5,0xfffff
     5ec:	63c78793          	addi	a5,a5,1596 # fffff63c <__global_pointer$+0xdfffedf4>
     5f0:	953e                	add	a0,a0,a5
     5f2:	00151413          	slli	s0,a0,0x1
     5f6:	942a                	add	s0,s0,a0
     5f8:	040e                	slli	s0,s0,0x3
     5fa:	942a                	add	s0,s0,a0
     5fc:	451d                	li	a0,7
     5fe:	075000ef          	jal	ra,e72 <Hal_GetAnalogInput>
     602:	38848593          	addi	a1,s1,904
     606:	347d                	jal	b4 <__mulsi3>
     608:	7fa48593          	addi	a1,s1,2042
     60c:	34c1                	jal	cc <__divsi3>
     60e:	4591                	li	a1,4
     610:	c82a                	sw	a0,16(sp)
     612:	4509                	li	a0,2
     614:	3135                	jal	240 <Error_Erase>
     616:	8a81a503          	lw	a0,-1880(gp) # 200000f0 <prev_RPM_tick>
     61a:	0406                	slli	s0,s0,0x1
     61c:	3379                	jal	3aa <SysTick_GetElapsedTime>
     61e:	c62a                	sw	a0,12(sp)
     620:	8e81a503          	lw	a0,-1816(gp) # 20000130 <RPM_count>
     624:	77048593          	addi	a1,s1,1904
     628:	8105                	srli	a0,a0,0x1
     62a:	3469                	jal	b4 <__mulsi3>
     62c:	45b2                	lw	a1,12(sp)
     62e:	345d                	jal	d4 <__hidden___udivsi3>
     630:	c62a                	sw	a0,12(sp)
     632:	3b8d                	jal	3a4 <SysTick_GetTick>
     634:	8aa1a423          	sw	a0,-1880(gp) # 200000f0 <prev_RPM_tick>
     638:	4589                	li	a1,2
     63a:	4501                	li	a0,0
     63c:	0a045e63          	bgez	s0,6f8 <CMP_BackgroundHandler+0x176>
     640:	36f5                	jal	22c <Error_Detect>
     642:	4401                	li	s0,0
     644:	4702                	lw	a4,0(sp)
     646:	002717b7          	lui	a5,0x271
     64a:	a3a78793          	addi	a5,a5,-1478 # 270a3a <_data_lma+0x26df96>
     64e:	0ae7d763          	bge	a5,a4,6fc <CMP_BackgroundHandler+0x17a>
     652:	3ff00593          	li	a1,1023
     656:	853a                	mv	a0,a4
     658:	3c95                	jal	cc <__divsi3>
     65a:	c02a                	sw	a0,0(sp)
     65c:	4585                	li	a1,1
     65e:	4501                	li	a0,0
     660:	36c5                	jal	240 <Error_Erase>
     662:	4602                	lw	a2,0(sp)
     664:	8522                	mv	a0,s0
     666:	41f45593          	srai	a1,s0,0x1f
     66a:	41f65693          	srai	a3,a2,0x1f
     66e:	25c020ef          	jal	ra,28ca <__muldi3>
     672:	3e800613          	li	a2,1000
     676:	4681                	li	a3,0
     678:	54b010ef          	jal	ra,23c2 <__divdi3>
     67c:	8b01d703          	lhu	a4,-1872(gp) # 200000f8 <LenghtPWM>
     680:	ca2a                	sw	a0,20(sp)
     682:	fcd70693          	addi	a3,a4,-51 # e000dfcd <__global_pointer$+0xc000d785>
     686:	06c2                	slli	a3,a3,0x10
     688:	82c1                	srli	a3,a3,0x10
     68a:	09400613          	li	a2,148
     68e:	8bc18493          	addi	s1,gp,-1860 # 20000104 <data_out>
     692:	06d66a63          	bltu	a2,a3,706 <CMP_BackgroundHandler+0x184>
     696:	fa770713          	addi	a4,a4,-89
     69a:	458d                	li	a1,3
     69c:	4501                	li	a0,0
     69e:	ac9a                	sh	a4,24(s1)
     6a0:	3645                	jal	240 <Error_Erase>
     6a2:	4782                	lw	a5,0(sp)
     6a4:	20000737          	lui	a4,0x20000
     6a8:	00275583          	lhu	a1,2(a4) # 20000002 <rho0>
     6ac:	c0dc                	sw	a5,4(s1)
     6ae:	47d2                	lw	a5,20(sp)
     6b0:	c080                	sw	s0,0(s1)
     6b2:	c49c                	sw	a5,8(s1)
     6b4:	4792                	lw	a5,4(sp)
     6b6:	c4dc                	sw	a5,12(s1)
     6b8:	47a2                	lw	a5,8(sp)
     6ba:	c89c                	sw	a5,16(s1)
     6bc:	47b2                	lw	a5,12(sp)
     6be:	a8de                	sh	a5,20(s1)
     6c0:	47c2                	lw	a5,16(sp)
     6c2:	00179513          	slli	a0,a5,0x1
     6c6:	3419                	jal	cc <__divsi3>
     6c8:	3515                	jal	4ec <newton_sqrt>
     6ca:	01849703          	lh	a4,24(s1)
     6ce:	8e41d783          	lhu	a5,-1820(gp) # 2000012c <data_in+0xc>
     6d2:	a8ea                	sh	a0,22(s1)
     6d4:	00e7d563          	bge	a5,a4,6de <CMP_BackgroundHandler+0x15c>
     6d8:	01071793          	slli	a5,a4,0x10
     6dc:	83c1                	srli	a5,a5,0x10
     6de:	8af19c23          	sh	a5,-1864(gp) # 20000100 <Duty>
     6e2:	0161                	addi	sp,sp,24
     6e4:	b2d9                	j	aa <__riscv_restore_0>
     6e6:	3ea9                	jal	240 <Error_Erase>
     6e8:	4722                	lw	a4,8(sp)
     6ea:	67c1                	lui	a5,0x10
     6ec:	ecf75ae3          	bge	a4,a5,5c0 <CMP_BackgroundHandler+0x3e>
     6f0:	4599                	li	a1,6
     6f2:	4505                	li	a0,1
     6f4:	36b1                	jal	240 <Error_Erase>
     6f6:	bdc1                	j	5c6 <CMP_BackgroundHandler+0x44>
     6f8:	36a1                	jal	240 <Error_Erase>
     6fa:	b7a9                	j	644 <CMP_BackgroundHandler+0xc2>
     6fc:	4585                	li	a1,1
     6fe:	4501                	li	a0,0
     700:	3635                	jal	22c <Error_Detect>
     702:	c002                	sw	zero,0(sp)
     704:	bfb9                	j	662 <CMP_BackgroundHandler+0xe0>
     706:	458d                	li	a1,3
     708:	4501                	li	a0,0
     70a:	360d                	jal	22c <Error_Detect>
     70c:	bf59                	j	6a2 <CMP_BackgroundHandler+0x120>

0000070e <EXTI7_0_IRQHandler>:
     70e:	4505                	li	a0,1
     710:	1e0010ef          	jal	ra,18f0 <EXTI_GetITStatus>
     714:	c909                	beqz	a0,726 <EXTI7_0_IRQHandler+0x18>
     716:	8e81a783          	lw	a5,-1816(gp) # 20000130 <RPM_count>
     71a:	4505                	li	a0,1
     71c:	0785                	addi	a5,a5,1 # 10001 <_data_lma+0xd55d>
     71e:	8ef1a423          	sw	a5,-1816(gp) # 20000130 <RPM_count>
     722:	1e8010ef          	jal	ra,190a <EXTI_ClearITPendingBit>
     726:	4511                	li	a0,4
     728:	1c8010ef          	jal	ra,18f0 <EXTI_GetITStatus>
     72c:	c50d                	beqz	a0,756 <EXTI7_0_IRQHandler+0x48>
     72e:	399d                	jal	3a4 <SysTick_GetTick>
     730:	8aa1aa23          	sw	a0,-1868(gp) # 200000fc <PWM_tick>
     734:	8ac1a783          	lw	a5,-1876(gp) # 200000f4 <LastPWM_tick>
     738:	00a7fc63          	bgeu	a5,a0,750 <EXTI7_0_IRQHandler+0x42>
     73c:	40f507b3          	sub	a5,a0,a5
     740:	1f300693          	li	a3,499
     744:	00f6e463          	bltu	a3,a5,74c <EXTI7_0_IRQHandler+0x3e>
     748:	8af19823          	sh	a5,-1872(gp) # 200000f8 <LenghtPWM>
     74c:	8aa1a623          	sw	a0,-1876(gp) # 200000f4 <LastPWM_tick>
     750:	4511                	li	a0,4
     752:	1b8010ef          	jal	ra,190a <EXTI_ClearITPendingBit>
     756:	30200073          	mret

0000075a <ADC__Initialize>:
     75a:	947ff2ef          	jal	t0,a0 <__riscv_save_0>
     75e:	fd810113          	addi	sp,sp,-40
     762:	4661                	li	a2,24
     764:	4581                	li	a1,0
     766:	0808                	addi	a0,sp,16
     768:	9f9ff0ef          	jal	ra,160 <memset>
     76c:	4585                	li	a1,1
     76e:	20000513          	li	a0,512
     772:	396010ef          	jal	ra,1b08 <RCC_APB2PeriphClockCmd>
     776:	6531                	lui	a0,0xc
     778:	2c6010ef          	jal	ra,1a3e <RCC_ADCCLKConfig>
     77c:	4585                	li	a1,1
     77e:	4511                	li	a0,4
     780:	40011437          	lui	s0,0x40011
     784:	c202                	sw	zero,4(sp)
     786:	c402                	sw	zero,8(sp)
     788:	c602                	sw	zero,12(sp)
     78a:	37e010ef          	jal	ra,1b08 <RCC_APB2PeriphClockCmd>
     78e:	4791                	li	a5,4
     790:	80040513          	addi	a0,s0,-2048 # 40010800 <__global_pointer$+0x2000ffb8>
     794:	004c                	addi	a1,sp,4
     796:	827c                	sh	a5,4(sp)
     798:	c602                	sw	zero,12(sp)
     79a:	17c010ef          	jal	ra,1916 <GPIO_Init>
     79e:	4585                	li	a1,1
     7a0:	4511                	li	a0,4
     7a2:	366010ef          	jal	ra,1b08 <RCC_APB2PeriphClockCmd>
     7a6:	4789                	li	a5,2
     7a8:	80040513          	addi	a0,s0,-2048
     7ac:	004c                	addi	a1,sp,4
     7ae:	827c                	sh	a5,4(sp)
     7b0:	c602                	sw	zero,12(sp)
     7b2:	164010ef          	jal	ra,1916 <GPIO_Init>
     7b6:	4585                	li	a1,1
     7b8:	02000513          	li	a0,32
     7bc:	34c010ef          	jal	ra,1b08 <RCC_APB2PeriphClockCmd>
     7c0:	47c1                	li	a5,16
     7c2:	40040513          	addi	a0,s0,1024
     7c6:	004c                	addi	a1,sp,4
     7c8:	827c                	sh	a5,4(sp)
     7ca:	c602                	sw	zero,12(sp)
     7cc:	640d                	lui	s0,0x3
     7ce:	148010ef          	jal	ra,1916 <GPIO_Init>
     7d2:	4781                	li	a5,0
     7d4:	4481                	li	s1,0
     7d6:	97040413          	addi	s0,s0,-1680 # 2970 <Adc_Enable_Table>
     7da:	4685                	li	a3,1
     7dc:	4725                	li	a4,9
     7de:	00878633          	add	a2,a5,s0
     7e2:	2210                	lbu	a2,0(a2)
     7e4:	00d61563          	bne	a2,a3,7ee <ADC__Initialize+0x94>
     7e8:	0485                	addi	s1,s1,1
     7ea:	0ff4f493          	zext.b	s1,s1
     7ee:	0785                	addi	a5,a5,1
     7f0:	fee797e3          	bne	a5,a4,7de <ADC__Initialize+0x84>
     7f4:	40021737          	lui	a4,0x40021
     7f8:	4b5c                	lw	a5,20(a4)
     7fa:	400206b7          	lui	a3,0x40020
     7fe:	7671                	lui	a2,0xffffc
     800:	0017e793          	ori	a5,a5,1
     804:	cb5c                	sw	a5,20(a4)
     806:	469c                	lw	a5,8(a3)
     808:	1679                	addi	a2,a2,-2 # ffffbffe <__global_pointer$+0xdfffb7b6>
     80a:	40012537          	lui	a0,0x40012
     80e:	8ff1                	and	a5,a5,a2
     810:	6609                	lui	a2,0x2
     812:	5a060613          	addi	a2,a2,1440 # 25a0 <__divdi3+0x1de>
     816:	8fd1                	or	a5,a5,a2
     818:	c69c                	sw	a5,8(a3)
     81a:	c6c4                	sw	s1,12(a3)
     81c:	44c50793          	addi	a5,a0,1100 # 4001244c <__global_pointer$+0x20011c04>
     820:	ca9c                	sw	a5,16(a3)
     822:	90018793          	addi	a5,gp,-1792 # 20000148 <DMA_Buffer>
     826:	cadc                	sw	a5,20(a3)
     828:	40050513          	addi	a0,a0,1024
     82c:	5dd000ef          	jal	ra,1608 <ADC_DeInit>
     830:	4785                	li	a5,1
     832:	ca3e                	sw	a5,20(sp)
     834:	cc3e                	sw	a5,24(sp)
     836:	000e07b7          	lui	a5,0xe0
     83a:	02910223          	sb	s1,36(sp)
     83e:	c802                	sw	zero,16(sp)
     840:	ce3e                	sw	a5,28(sp)
     842:	d002                	sw	zero,32(sp)
     844:	4481                	li	s1,0
     846:	4605                	li	a2,1
     848:	009407b3          	add	a5,s0,s1
     84c:	2398                	lbu	a4,0(a5)
     84e:	4785                	li	a5,1
     850:	02f71063          	bne	a4,a5,870 <ADC__Initialize+0x116>
     854:	40012537          	lui	a0,0x40012
     858:	469d                	li	a3,7
     85a:	0ff4f593          	zext.b	a1,s1
     85e:	40050513          	addi	a0,a0,1024 # 40012400 <__global_pointer$+0x20011bb8>
     862:	c032                	sw	a2,0(sp)
     864:	677000ef          	jal	ra,16da <ADC_RegularChannelConfig>
     868:	4602                	lw	a2,0(sp)
     86a:	0605                	addi	a2,a2,1
     86c:	0ff67613          	zext.b	a2,a2
     870:	0485                	addi	s1,s1,1
     872:	47a1                	li	a5,8
     874:	fcf49ae3          	bne	s1,a5,848 <ADC__Initialize+0xee>
     878:	40012437          	lui	s0,0x40012
     87c:	469d                	li	a3,7
     87e:	45a1                	li	a1,8
     880:	40040513          	addi	a0,s0,1024 # 40012400 <__global_pointer$+0x20011bb8>
     884:	657000ef          	jal	ra,16da <ADC_RegularChannelConfig>
     888:	080c                	addi	a1,sp,16
     88a:	40040513          	addi	a0,s0,1024
     88e:	5a1000ef          	jal	ra,162e <ADC_Init>
     892:	4585                	li	a1,1
     894:	40040513          	addi	a0,s0,1024
     898:	5f5000ef          	jal	ra,168c <ADC_DMACmd>
     89c:	4585                	li	a1,1
     89e:	40040513          	addi	a0,s0,1024
     8a2:	5db000ef          	jal	ra,167c <ADC_Cmd>
     8a6:	40040513          	addi	a0,s0,1024
     8aa:	5f5000ef          	jal	ra,169e <ADC_ResetCalibration>
     8ae:	40040493          	addi	s1,s0,1024
     8b2:	8526                	mv	a0,s1
     8b4:	5f5000ef          	jal	ra,16a8 <ADC_GetResetCalibrationStatus>
     8b8:	fd6d                	bnez	a0,8b2 <ADC__Initialize+0x158>
     8ba:	40040513          	addi	a0,s0,1024
     8be:	40012437          	lui	s0,0x40012
     8c2:	5ef000ef          	jal	ra,16b0 <ADC_StartCalibration>
     8c6:	40040493          	addi	s1,s0,1024 # 40012400 <__global_pointer$+0x20011bb8>
     8ca:	8526                	mv	a0,s1
     8cc:	5ef000ef          	jal	ra,16ba <ADC_GetCalibrationStatus>
     8d0:	fd6d                	bnez	a0,8ca <ADC__Initialize+0x170>
     8d2:	40020537          	lui	a0,0x40020
     8d6:	4585                	li	a1,1
     8d8:	0521                	addi	a0,a0,8 # 40020008 <__global_pointer$+0x2001f7c0>
     8da:	783000ef          	jal	ra,185c <DMA_Cmd>
     8de:	4585                	li	a1,1
     8e0:	40040513          	addi	a0,s0,1024
     8e4:	5df000ef          	jal	ra,16c2 <ADC_SoftwareStartConvCmd>
     8e8:	02810113          	addi	sp,sp,40
     8ec:	fbeff06f          	j	aa <__riscv_restore_0>

000008f0 <ADC_Handler>:
     8f0:	fb0ff2ef          	jal	t0,a0 <__riscv_save_0>
     8f4:	4509                	li	a0,2
     8f6:	783000ef          	jal	ra,1878 <DMA_GetFlagStatus>
     8fa:	c939                	beqz	a0,950 <ADC_Handler+0x60>
     8fc:	4509                	li	a0,2
     8fe:	789000ef          	jal	ra,1886 <DMA_ClearFlag>
     902:	658d                	lui	a1,0x3
     904:	8ec18613          	addi	a2,gp,-1812 # 20000134 <ADC_Buffer>
     908:	4701                	li	a4,0
     90a:	4781                	li	a5,0
     90c:	8ec18693          	addi	a3,gp,-1812 # 20000134 <ADC_Buffer>
     910:	97058593          	addi	a1,a1,-1680 # 2970 <Adc_Enable_Table>
     914:	4385                	li	t2,1
     916:	90018513          	addi	a0,gp,-1792 # 20000148 <DMA_Buffer>
     91a:	42a1                	li	t0,8
     91c:	00b70333          	add	t1,a4,a1
     920:	00034303          	lbu	t1,0(t1)
     924:	00731c63          	bne	t1,t2,93c <ADC_Handler+0x4c>
     928:	00179313          	slli	t1,a5,0x1
     92c:	932a                	add	t1,t1,a0
     92e:	00035303          	lhu	t1,0(t1)
     932:	0785                	addi	a5,a5,1 # e0001 <_data_lma+0xdd55d>
     934:	0ff7f793          	zext.b	a5,a5
     938:	00661023          	sh	t1,0(a2)
     93c:	0705                	addi	a4,a4,1 # 40021001 <__global_pointer$+0x200207b9>
     93e:	0609                	addi	a2,a2,2
     940:	fc571ee3          	bne	a4,t0,91c <ADC_Handler+0x2c>
     944:	0786                	slli	a5,a5,0x1
     946:	90018713          	addi	a4,gp,-1792 # 20000148 <DMA_Buffer>
     94a:	97ba                	add	a5,a5,a4
     94c:	239e                	lhu	a5,0(a5)
     94e:	aa9e                	sh	a5,16(a3)
     950:	f5aff06f          	j	aa <__riscv_restore_0>

00000954 <ADC__GetValue>:
     954:	479d                	li	a5,7
     956:	00a7e863          	bltu	a5,a0,966 <ADC__GetValue+0x12>
     95a:	0506                	slli	a0,a0,0x1
     95c:	8ec18793          	addi	a5,gp,-1812 # 20000134 <ADC_Buffer>
     960:	97aa                	add	a5,a5,a0
     962:	238a                	lhu	a0,0(a5)
     964:	8082                	ret
     966:	4501                	li	a0,0
     968:	8082                	ret

0000096a <USARTx_CFG>:
     96a:	f36ff2ef          	jal	t0,a0 <__riscv_save_0>
     96e:	6511                	lui	a0,0x4
     970:	1111                	addi	sp,sp,-28
     972:	4585                	li	a1,1
     974:	02050513          	addi	a0,a0,32 # 4020 <_data_lma+0x157c>
     978:	c002                	sw	zero,0(sp)
     97a:	c202                	sw	zero,4(sp)
     97c:	c402                	sw	zero,8(sp)
     97e:	c602                	sw	zero,12(sp)
     980:	c802                	sw	zero,16(sp)
     982:	ca02                	sw	zero,20(sp)
     984:	cc02                	sw	zero,24(sp)
     986:	182010ef          	jal	ra,1b08 <RCC_APB2PeriphClockCmd>
     98a:	02000793          	li	a5,32
     98e:	807c                	sh	a5,0(sp)
     990:	40011437          	lui	s0,0x40011
     994:	478d                	li	a5,3
     996:	c23e                	sw	a5,4(sp)
     998:	858a                	mv	a1,sp
     99a:	47e1                	li	a5,24
     99c:	40040513          	addi	a0,s0,1024 # 40011400 <__global_pointer$+0x20010bb8>
     9a0:	c43e                	sw	a5,8(sp)
     9a2:	775000ef          	jal	ra,1916 <GPIO_Init>
     9a6:	04000793          	li	a5,64
     9aa:	807c                	sh	a5,0(sp)
     9ac:	858a                	mv	a1,sp
     9ae:	4791                	li	a5,4
     9b0:	40040513          	addi	a0,s0,1024
     9b4:	c43e                	sw	a5,8(sp)
     9b6:	761000ef          	jal	ra,1916 <GPIO_Init>
     9ba:	67f1                	lui	a5,0x1c
     9bc:	40014437          	lui	s0,0x40014
     9c0:	20078793          	addi	a5,a5,512 # 1c200 <_data_lma+0x1975c>
     9c4:	c63e                	sw	a5,12(sp)
     9c6:	006c                	addi	a1,sp,12
     9c8:	000c07b7          	lui	a5,0xc0
     9cc:	80040513          	addi	a0,s0,-2048 # 40013800 <__global_pointer$+0x20012fb8>
     9d0:	ca3e                	sw	a5,20(sp)
     9d2:	400204b7          	lui	s1,0x40020
     9d6:	c802                	sw	zero,16(sp)
     9d8:	00011c23          	sh	zero,24(sp)
     9dc:	2c6010ef          	jal	ra,1ca2 <USART_Init>
     9e0:	04448513          	addi	a0,s1,68 # 40020044 <__global_pointer$+0x2001f7fc>
     9e4:	4585                	li	a1,1
     9e6:	677000ef          	jal	ra,185c <DMA_Cmd>
     9ea:	05848513          	addi	a0,s1,88
     9ee:	4585                	li	a1,1
     9f0:	66d000ef          	jal	ra,185c <DMA_Cmd>
     9f4:	4585                	li	a1,1
     9f6:	80040513          	addi	a0,s0,-2048
     9fa:	376010ef          	jal	ra,1d70 <USART_Cmd>
     9fe:	0171                	addi	sp,sp,28
     a00:	eaaff06f          	j	aa <__riscv_restore_0>

00000a04 <DMA_INIT>:
     a04:	e9cff2ef          	jal	t0,a0 <__riscv_save_0>
     a08:	fd410113          	addi	sp,sp,-44
     a0c:	02c00613          	li	a2,44
     a10:	4581                	li	a1,0
     a12:	850a                	mv	a0,sp
     a14:	f4cff0ef          	jal	ra,160 <memset>
     a18:	4585                	li	a1,1
     a1a:	4505                	li	a0,1
     a1c:	0ce010ef          	jal	ra,1aea <RCC_AHBPeriphClockCmd>
     a20:	40020437          	lui	s0,0x40020
     a24:	04440513          	addi	a0,s0,68 # 40020044 <__global_pointer$+0x2001f7fc>
     a28:	56b000ef          	jal	ra,1792 <DMA_DeInit>
     a2c:	9a818793          	addi	a5,gp,-1624 # 200001f0 <TxBuffer1>
     a30:	c23e                	sw	a5,4(sp)
     a32:	47c1                	li	a5,16
     a34:	c43e                	sw	a5,8(sp)
     a36:	400144b7          	lui	s1,0x40014
     a3a:	08000793          	li	a5,128
     a3e:	04000713          	li	a4,64
     a42:	858a                	mv	a1,sp
     a44:	80448493          	addi	s1,s1,-2044 # 40013804 <__global_pointer$+0x20012fbc>
     a48:	ca3e                	sw	a5,20(sp)
     a4a:	04440513          	addi	a0,s0,68
     a4e:	678d                	lui	a5,0x3
     a50:	c63a                	sw	a4,12(sp)
     a52:	d23e                	sw	a5,36(sp)
     a54:	c026                	sw	s1,0(sp)
     a56:	c802                	sw	zero,16(sp)
     a58:	cc02                	sw	zero,24(sp)
     a5a:	ce02                	sw	zero,28(sp)
     a5c:	d002                	sw	zero,32(sp)
     a5e:	d402                	sw	zero,40(sp)
     a60:	5c5000ef          	jal	ra,1824 <DMA_Init>
     a64:	05840513          	addi	a0,s0,88
     a68:	52b000ef          	jal	ra,1792 <DMA_DeInit>
     a6c:	96818793          	addi	a5,gp,-1688 # 200001b0 <RxBuffer1>
     a70:	04000713          	li	a4,64
     a74:	858a                	mv	a1,sp
     a76:	05840513          	addi	a0,s0,88
     a7a:	c026                	sw	s1,0(sp)
     a7c:	c23e                	sw	a5,4(sp)
     a7e:	c63a                	sw	a4,12(sp)
     a80:	c402                	sw	zero,8(sp)
     a82:	d002                	sw	zero,32(sp)
     a84:	5a1000ef          	jal	ra,1824 <DMA_Init>
     a88:	02c10113          	addi	sp,sp,44
     a8c:	e1eff06f          	j	aa <__riscv_restore_0>

00000a90 <Comunication_Init>:
     a90:	e10ff2ef          	jal	t0,a0 <__riscv_save_0>
     a94:	3f85                	jal	a04 <DMA_INIT>
     a96:	40014437          	lui	s0,0x40014
     a9a:	3dc1                	jal	96a <USARTx_CFG>
     a9c:	80040513          	addi	a0,s0,-2048 # 40013800 <__global_pointer$+0x20012fb8>
     aa0:	4605                	li	a2,1
     aa2:	04000593          	li	a1,64
     aa6:	2de010ef          	jal	ra,1d84 <USART_DMACmd>
     aaa:	4605                	li	a2,1
     aac:	08000593          	li	a1,128
     ab0:	80040513          	addi	a0,s0,-2048
     ab4:	2d0010ef          	jal	ra,1d84 <USART_DMACmd>
     ab8:	df2ff06f          	j	aa <__riscv_restore_0>

00000abc <SendData>:
     abc:	c13d                	beqz	a0,b22 <SendData+0x66>
     abe:	de2ff2ef          	jal	t0,a0 <__riscv_save_0>
     ac2:	842a                	mv	s0,a0
     ac4:	84ae                	mv	s1,a1
     ac6:	cda1                	beqz	a1,b1e <SendData+0x62>
     ac8:	6509                	lui	a0,0x2
     aca:	5af000ef          	jal	ra,1878 <DMA_GetFlagStatus>
     ace:	dd6d                	beqz	a0,ac8 <SendData+0xc>
     ad0:	6509                	lui	a0,0x2
     ad2:	5b5000ef          	jal	ra,1886 <DMA_ClearFlag>
     ad6:	8626                	mv	a2,s1
     ad8:	85a2                	mv	a1,s0
     ada:	9a818513          	addi	a0,gp,-1624 # 200001f0 <TxBuffer1>
     ade:	e6cff0ef          	jal	ra,14a <memcpy>
     ae2:	6509                	lui	a0,0x2
     ae4:	5a3000ef          	jal	ra,1886 <DMA_ClearFlag>
     ae8:	40020437          	lui	s0,0x40020
     aec:	4581                	li	a1,0
     aee:	04440513          	addi	a0,s0,68 # 40020044 <__global_pointer$+0x2001f7fc>
     af2:	56b000ef          	jal	ra,185c <DMA_Cmd>
     af6:	9a818513          	addi	a0,gp,-1624 # 200001f0 <TxBuffer1>
     afa:	647010ef          	jal	ra,2940 <strlen>
     afe:	87aa                	mv	a5,a0
     b00:	4585                	li	a1,1
     b02:	04440513          	addi	a0,s0,68
     b06:	c15c                	sw	a5,4(a0)
     b08:	555000ef          	jal	ra,185c <DMA_Cmd>
     b0c:	40014537          	lui	a0,0x40014
     b10:	4605                	li	a2,1
     b12:	08000593          	li	a1,128
     b16:	80050513          	addi	a0,a0,-2048 # 40013800 <__global_pointer$+0x20012fb8>
     b1a:	26a010ef          	jal	ra,1d84 <USART_DMACmd>
     b1e:	d8cff06f          	j	aa <__riscv_restore_0>
     b22:	8082                	ret

00000b24 <GetInputData>:
     b24:	9641c703          	lbu	a4,-1692(gp) # 200001ac <NewData>
     b28:	4785                	li	a5,1
     b2a:	00f71c63          	bne	a4,a5,b42 <GetInputData+0x1e>
     b2e:	95418793          	addi	a5,gp,-1708 # 2000019c <data_buffer>
     b32:	2398                	lbu	a4,0(a5)
     b34:	a118                	sb	a4,0(a0)
     b36:	43d8                	lw	a4,4(a5)
     b38:	c158                	sw	a4,4(a0)
     b3a:	4798                	lw	a4,8(a5)
     b3c:	27de                	lhu	a5,12(a5)
     b3e:	c518                	sw	a4,8(a0)
     b40:	a55e                	sh	a5,12(a0)
     b42:	8082                	ret

00000b44 <ReceiveData>:
     b44:	d5cff2ef          	jal	t0,a0 <__riscv_save_0>
     b48:	1171                	addi	sp,sp,-4
     b4a:	c02a                	sw	a0,0(sp)
     b4c:	e509                	bnez	a0,b56 <ReceiveData+0x12>
     b4e:	4501                	li	a0,0
     b50:	0111                	addi	sp,sp,4
     b52:	d58ff06f          	j	aa <__riscv_restore_0>
     b56:	84ae                	mv	s1,a1
     b58:	d9fd                	beqz	a1,b4e <ReceiveData+0xa>
     b5a:	00020537          	lui	a0,0x20
     b5e:	51b000ef          	jal	ra,1878 <DMA_GetFlagStatus>
     b62:	d575                	beqz	a0,b4e <ReceiveData+0xa>
     b64:	40020737          	lui	a4,0x40020
     b68:	05870513          	addi	a0,a4,88 # 40020058 <__global_pointer$+0x2001f810>
     b6c:	4581                	li	a1,0
     b6e:	4ef000ef          	jal	ra,185c <DMA_Cmd>
     b72:	40020737          	lui	a4,0x40020
     b76:	05870513          	addi	a0,a4,88 # 40020058 <__global_pointer$+0x2001f810>
     b7a:	4f7000ef          	jal	ra,1870 <DMA_GetCurrDataCounter>
     b7e:	04000413          	li	s0,64
     b82:	8c09                	sub	s0,s0,a0
     b84:	0442                	slli	s0,s0,0x10
     b86:	8041                	srli	s0,s0,0x10
     b88:	40020737          	lui	a4,0x40020
     b8c:	e005                	bnez	s0,bac <ReceiveData+0x68>
     b8e:	05870513          	addi	a0,a4,88 # 40020058 <__global_pointer$+0x2001f810>
     b92:	96018223          	sb	zero,-1692(gp) # 200001ac <NewData>
     b96:	04000793          	li	a5,64
     b9a:	c15c                	sw	a5,4(a0)
     b9c:	4585                	li	a1,1
     b9e:	4bf000ef          	jal	ra,185c <DMA_Cmd>
     ba2:	00020537          	lui	a0,0x20
     ba6:	4e1000ef          	jal	ra,1886 <DMA_ClearFlag>
     baa:	b755                	j	b4e <ReceiveData+0xa>
     bac:	4705                	li	a4,1
     bae:	96e18223          	sb	a4,-1692(gp) # 200001ac <NewData>
     bb2:	00946763          	bltu	s0,s1,bc0 <ReceiveData+0x7c>
     bb6:	fff48793          	addi	a5,s1,-1
     bba:	01079413          	slli	s0,a5,0x10
     bbe:	8041                	srli	s0,s0,0x10
     bc0:	4502                	lw	a0,0(sp)
     bc2:	96818593          	addi	a1,gp,-1688 # 200001b0 <RxBuffer1>
     bc6:	8622                	mv	a2,s0
     bc8:	d82ff0ef          	jal	ra,14a <memcpy>
     bcc:	4782                	lw	a5,0(sp)
     bce:	04000613          	li	a2,64
     bd2:	4581                	li	a1,0
     bd4:	008784b3          	add	s1,a5,s0
     bd8:	96818513          	addi	a0,gp,-1688 # 200001b0 <RxBuffer1>
     bdc:	00048023          	sb	zero,0(s1)
     be0:	d80ff0ef          	jal	ra,160 <memset>
     be4:	40020537          	lui	a0,0x40020
     be8:	05850513          	addi	a0,a0,88 # 40020058 <__global_pointer$+0x2001f810>
     bec:	04000793          	li	a5,64
     bf0:	c15c                	sw	a5,4(a0)
     bf2:	4585                	li	a1,1
     bf4:	469000ef          	jal	ra,185c <DMA_Cmd>
     bf8:	00020537          	lui	a0,0x20
     bfc:	48b000ef          	jal	ra,1886 <DMA_ClearFlag>
     c00:	0ff47513          	zext.b	a0,s0
     c04:	b7b1                	j	b50 <ReceiveData+0xc>

00000c06 <find_pattern>:
     c06:	1141                	addi	sp,sp,-16
     c08:	c22a                	sw	a0,4(sp)
     c0a:	c622                	sw	s0,12(sp)
     c0c:	c426                	sw	s1,8(sp)
     c0e:	c032                	sw	a2,0(sp)
     c10:	4701                	li	a4,0
     c12:	4681                	li	a3,0
     c14:	4781                	li	a5,0
     c16:	4501                	li	a0,0
     c18:	4281                	li	t0,0
     c1a:	00b2c763          	blt	t0,a1,c28 <find_pattern+0x22>
     c1e:	4501                	li	a0,0
     c20:	4432                	lw	s0,12(sp)
     c22:	44a2                	lw	s1,8(sp)
     c24:	0141                	addi	sp,sp,16
     c26:	8082                	ret
     c28:	4412                	lw	s0,4(sp)
     c2a:	00540333          	add	t1,s0,t0
     c2e:	4405                	li	s0,1
     c30:	00030383          	lb	t2,0(t1)
     c34:	04850963          	beq	a0,s0,c86 <find_pattern+0x80>
     c38:	03000413          	li	s0,48
     c3c:	04839363          	bne	t2,s0,c82 <find_pattern+0x7c>
     c40:	00428393          	addi	t2,t0,4
     c44:	02b3df63          	bge	t2,a1,c82 <find_pattern+0x7c>
     c48:	00130483          	lb	s1,1(t1)
     c4c:	07800413          	li	s0,120
     c50:	02849963          	bne	s1,s0,c82 <find_pattern+0x7c>
     c54:	00230483          	lb	s1,2(t1)
     c58:	03700413          	li	s0,55
     c5c:	02849363          	bne	s1,s0,c82 <find_pattern+0x7c>
     c60:	00330483          	lb	s1,3(t1)
     c64:	03300413          	li	s0,51
     c68:	00849d63          	bne	s1,s0,c82 <find_pattern+0x7c>
     c6c:	00430403          	lb	s0,4(t1)
     c70:	02e00313          	li	t1,46
     c74:	00641763          	bne	s0,t1,c82 <find_pattern+0x7c>
     c78:	872a                	mv	a4,a0
     c7a:	86aa                	mv	a3,a0
     c7c:	87aa                	mv	a5,a0
     c7e:	829e                	mv	t0,t2
     c80:	4505                	li	a0,1
     c82:	0285                	addi	t0,t0,1
     c84:	bf59                	j	c1a <find_pattern+0x14>
     c86:	fd038413          	addi	s0,t2,-48
     c8a:	0ff47493          	zext.b	s1,s0
     c8e:	4625                	li	a2,9
     c90:	00966c63          	bltu	a2,s1,ca8 <find_pattern+0xa2>
     c94:	00269713          	slli	a4,a3,0x2
     c98:	9736                	add	a4,a4,a3
     c9a:	0462                	slli	s0,s0,0x18
     c9c:	0706                	slli	a4,a4,0x1
     c9e:	8461                	srai	s0,s0,0x18
     ca0:	00e406b3          	add	a3,s0,a4
     ca4:	4705                	li	a4,1
     ca6:	bff1                	j	c82 <find_pattern+0x7c>
     ca8:	03b00613          	li	a2,59
     cac:	4501                	li	a0,0
     cae:	00c39d63          	bne	t2,a2,cc8 <find_pattern+0xc2>
     cb2:	db61                	beqz	a4,c82 <find_pattern+0x7c>
     cb4:	4602                	lw	a2,0(sp)
     cb6:	00279513          	slli	a0,a5,0x2
     cba:	0785                	addi	a5,a5,1 # 3001 <_data_lma+0x55d>
     cbc:	9532                	add	a0,a0,a2
     cbe:	c114                	sw	a3,0(a0)
     cc0:	853a                	mv	a0,a4
     cc2:	4701                	li	a4,0
     cc4:	4681                	li	a3,0
     cc6:	bf75                	j	c82 <find_pattern+0x7c>
     cc8:	02e00613          	li	a2,46
     ccc:	fac39be3          	bne	t2,a2,c82 <find_pattern+0x7c>
     cd0:	db4d                	beqz	a4,c82 <find_pattern+0x7c>
     cd2:	4602                	lw	a2,0(sp)
     cd4:	00178713          	addi	a4,a5,1
     cd8:	078a                	slli	a5,a5,0x2
     cda:	97b2                	add	a5,a5,a2
     cdc:	c394                	sw	a3,0(a5)
     cde:	00628793          	addi	a5,t0,6
     ce2:	04b7d763          	bge	a5,a1,d30 <find_pattern+0x12a>
     ce6:	00130683          	lb	a3,1(t1)
     cea:	03000793          	li	a5,48
     cee:	04f69163          	bne	a3,a5,d30 <find_pattern+0x12a>
     cf2:	00230683          	lb	a3,2(t1)
     cf6:	07800793          	li	a5,120
     cfa:	02f69b63          	bne	a3,a5,d30 <find_pattern+0x12a>
     cfe:	00330683          	lb	a3,3(t1)
     d02:	03800793          	li	a5,56
     d06:	02f69763          	bne	a3,a5,d34 <find_pattern+0x12e>
     d0a:	00430683          	lb	a3,4(t1)
     d0e:	03400793          	li	a5,52
     d12:	02f69163          	bne	a3,a5,d34 <find_pattern+0x12e>
     d16:	00530683          	lb	a3,5(t1)
     d1a:	47b5                	li	a5,13
     d1c:	00f69c63          	bne	a3,a5,d34 <find_pattern+0x12e>
     d20:	00630683          	lb	a3,6(t1)
     d24:	47a9                	li	a5,10
     d26:	00f69763          	bne	a3,a5,d34 <find_pattern+0x12e>
     d2a:	4791                	li	a5,4
     d2c:	00f70963          	beq	a4,a5,d3e <find_pattern+0x138>
     d30:	87ba                	mv	a5,a4
     d32:	bf41                	j	cc2 <find_pattern+0xbc>
     d34:	87ba                	mv	a5,a4
     d36:	4681                	li	a3,0
     d38:	4701                	li	a4,0
     d3a:	4501                	li	a0,0
     d3c:	b799                	j	c82 <find_pattern+0x7c>
     d3e:	4505                	li	a0,1
     d40:	b5c5                	j	c20 <find_pattern+0x1a>

00000d42 <ProcessReceivedData>:
     d42:	b5eff2ef          	jal	t0,a0 <__riscv_save_0>
     d46:	1141                	addi	sp,sp,-16
     d48:	04000593          	li	a1,64
     d4c:	91418513          	addi	a0,gp,-1772 # 2000015c <processing_buffer.0>
     d50:	3bd5                	jal	b44 <ReceiveData>
     d52:	c50d                	beqz	a0,d7c <ProcessReceivedData+0x3a>
     d54:	85aa                	mv	a1,a0
     d56:	860a                	mv	a2,sp
     d58:	91418513          	addi	a0,gp,-1772 # 2000015c <processing_buffer.0>
     d5c:	c002                	sw	zero,0(sp)
     d5e:	c202                	sw	zero,4(sp)
     d60:	c402                	sw	zero,8(sp)
     d62:	c602                	sw	zero,12(sp)
     d64:	354d                	jal	c06 <find_pattern>
     d66:	c919                	beqz	a0,d7c <ProcessReceivedData+0x3a>
     d68:	4702                	lw	a4,0(sp)
     d6a:	95418793          	addi	a5,gp,-1708 # 2000019c <data_buffer>
     d6e:	4612                	lw	a2,4(sp)
     d70:	46a2                	lw	a3,8(sp)
     d72:	a398                	sb	a4,0(a5)
     d74:	4732                	lw	a4,12(sp)
     d76:	c3d0                	sw	a2,4(a5)
     d78:	c794                	sw	a3,8(a5)
     d7a:	a7da                	sh	a4,12(a5)
     d7c:	0141                	addi	sp,sp,16
     d7e:	b2cff06f          	j	aa <__riscv_restore_0>

00000d82 <Hal__Initialize>:
     d82:	b1eff2ef          	jal	t0,a0 <__riscv_save_0>
     d86:	fdc10113          	addi	sp,sp,-36
     d8a:	4585                	li	a1,1
     d8c:	4541                	li	a0,16
     d8e:	c402                	sw	zero,8(sp)
     d90:	c602                	sw	zero,12(sp)
     d92:	c802                	sw	zero,16(sp)
     d94:	575000ef          	jal	ra,1b08 <RCC_APB2PeriphClockCmd>
     d98:	04800493          	li	s1,72
     d9c:	4709                	li	a4,2
     d9e:	002c                	addi	a1,sp,8
     da0:	40011537          	lui	a0,0x40011
     da4:	c826                	sw	s1,16(sp)
     da6:	c63a                	sw	a4,12(sp)
     da8:	36f000ef          	jal	ra,1916 <GPIO_Init>
     dac:	46c1                	li	a3,16
     dae:	4709                	li	a4,2
     db0:	002c                	addi	a1,sp,8
     db2:	40011537          	lui	a0,0x40011
     db6:	c836                	sw	a3,16(sp)
     db8:	c63a                	sw	a4,12(sp)
     dba:	35d000ef          	jal	ra,1916 <GPIO_Init>
     dbe:	4701                	li	a4,0
     dc0:	4781                	li	a5,0
     dc2:	4585                	li	a1,1
     dc4:	02100513          	li	a0,33
     dc8:	c03a                	sw	a4,0(sp)
     dca:	c23e                	sw	a5,4(sp)
     dcc:	ca02                	sw	zero,20(sp)
     dce:	cc02                	sw	zero,24(sp)
     dd0:	ce02                	sw	zero,28(sp)
     dd2:	d002                	sw	zero,32(sp)
     dd4:	535000ef          	jal	ra,1b08 <RCC_APB2PeriphClockCmd>
     dd8:	c826                	sw	s1,16(sp)
     dda:	400114b7          	lui	s1,0x40011
     dde:	4405                	li	s0,1
     de0:	002c                	addi	a1,sp,8
     de2:	40048513          	addi	a0,s1,1024 # 40011400 <__global_pointer$+0x20010bb8>
     de6:	8460                	sh	s0,8(sp)
     de8:	32f000ef          	jal	ra,1916 <GPIO_Init>
     dec:	4791                	li	a5,4
     dee:	002c                	addi	a1,sp,8
     df0:	40048513          	addi	a0,s1,1024
     df4:	847c                	sh	a5,8(sp)
     df6:	321000ef          	jal	ra,1916 <GPIO_Init>
     dfa:	4581                	li	a1,0
     dfc:	450d                	li	a0,3
     dfe:	3a5000ef          	jal	ra,19a2 <GPIO_EXTILineConfig>
     e02:	4621                	li	a2,8
     e04:	0848                	addi	a0,sp,20
     e06:	ce32                	sw	a2,28(sp)
     e08:	ca22                	sw	s0,20(sp)
     e0a:	d022                	sw	s0,32(sp)
     e0c:	cc02                	sw	zero,24(sp)
     e0e:	281000ef          	jal	ra,188e <EXTI_Init>
     e12:	4589                	li	a1,2
     e14:	450d                	li	a0,3
     e16:	38d000ef          	jal	ra,19a2 <GPIO_EXTILineConfig>
     e1a:	4791                	li	a5,4
     e1c:	46c1                	li	a3,16
     e1e:	0848                	addi	a0,sp,20
     e20:	ca3e                	sw	a5,20(sp)
     e22:	ce36                	sw	a3,28(sp)
     e24:	d022                	sw	s0,32(sp)
     e26:	cc02                	sw	zero,24(sp)
     e28:	267000ef          	jal	ra,188e <EXTI_Init>
     e2c:	11400693          	li	a3,276
     e30:	4709                	li	a4,2
     e32:	850a                	mv	a0,sp
     e34:	8074                	sh	a3,0(sp)
     e36:	8158                	sb	a4,2(sp)
     e38:	c222                	sw	s0,4(sp)
     e3a:	391000ef          	jal	ra,19ca <NVIC_Init>
     e3e:	02000713          	li	a4,32
     e42:	8478                	sh	a4,8(sp)
     e44:	4761                	li	a4,24
     e46:	c83a                	sw	a4,16(sp)
     e48:	002c                	addi	a1,sp,8
     e4a:	470d                	li	a4,3
     e4c:	40048513          	addi	a0,s1,1024
     e50:	c63a                	sw	a4,12(sp)
     e52:	2c5000ef          	jal	ra,1916 <GPIO_Init>
     e56:	04000713          	li	a4,64
     e5a:	4791                	li	a5,4
     e5c:	002c                	addi	a1,sp,8
     e5e:	40048513          	addi	a0,s1,1024
     e62:	8478                	sh	a4,8(sp)
     e64:	c83e                	sw	a5,16(sp)
     e66:	2b1000ef          	jal	ra,1916 <GPIO_Init>
     e6a:	02410113          	addi	sp,sp,36
     e6e:	a3cff06f          	j	aa <__riscv_restore_0>

00000e72 <Hal_GetAnalogInput>:
     e72:	0506                	slli	a0,a0,0x1
     e74:	9f818793          	addi	a5,gp,-1544 # 20000240 <Hal_Analog_Inputs>
     e78:	97aa                	add	a5,a5,a0
     e7a:	238a                	lhu	a0,0(a5)
     e7c:	8082                	ret

00000e7e <LoadCellSelect>:
     e7e:	200007b7          	lui	a5,0x20000
     e82:	00a7a623          	sw	a0,12(a5) # 2000000c <SelectCell>
     e86:	8082                	ret

00000e88 <LoadCellRead>:
     e88:	a18ff2ef          	jal	t0,a0 <__riscv_save_0>
     e8c:	1171                	addi	sp,sp,-4
     e8e:	4589                	li	a1,2
     e90:	40011537          	lui	a0,0x40011
     e94:	2f9000ef          	jal	ra,198c <GPIO_ReadInputDataBit>
     e98:	c549                	beqz	a0,f22 <LoadCellRead+0x9a>
     e9a:	4461                	li	s0,24
     e9c:	4481                	li	s1,0
     e9e:	4591                	li	a1,4
     ea0:	40011537          	lui	a0,0x40011
     ea4:	4605                	li	a2,1
     ea6:	2f3000ef          	jal	ra,1998 <GPIO_WriteBit>
     eaa:	4589                	li	a1,2
     eac:	40011537          	lui	a0,0x40011
     eb0:	0486                	slli	s1,s1,0x1
     eb2:	2db000ef          	jal	ra,198c <GPIO_ReadInputDataBit>
     eb6:	c111                	beqz	a0,eba <LoadCellRead+0x32>
     eb8:	0485                	addi	s1,s1,1
     eba:	147d                	addi	s0,s0,-1
     ebc:	4601                	li	a2,0
     ebe:	4591                	li	a1,4
     ec0:	40011537          	lui	a0,0x40011
     ec4:	0ff47413          	zext.b	s0,s0
     ec8:	2d1000ef          	jal	ra,1998 <GPIO_WriteBit>
     ecc:	f869                	bnez	s0,e9e <LoadCellRead+0x16>
     ece:	20000737          	lui	a4,0x20000
     ed2:	00c72783          	lw	a5,12(a4) # 2000000c <SelectCell>
     ed6:	00f037b3          	snez	a5,a5
     eda:	0785                	addi	a5,a5,1
     edc:	4605                	li	a2,1
     ede:	4591                	li	a1,4
     ee0:	40011537          	lui	a0,0x40011
     ee4:	c03e                	sw	a5,0(sp)
     ee6:	2b3000ef          	jal	ra,1998 <GPIO_WriteBit>
     eea:	4601                	li	a2,0
     eec:	4591                	li	a1,4
     eee:	40011537          	lui	a0,0x40011
     ef2:	2a7000ef          	jal	ra,1998 <GPIO_WriteBit>
     ef6:	4782                	lw	a5,0(sp)
     ef8:	0405                	addi	s0,s0,1
     efa:	0ff47413          	zext.b	s0,s0
     efe:	20000737          	lui	a4,0x20000
     f02:	fc879de3          	bne	a5,s0,edc <LoadCellRead+0x54>
     f06:	008007b7          	lui	a5,0x800
     f0a:	8fe5                	and	a5,a5,s1
     f0c:	c781                	beqz	a5,f14 <LoadCellRead+0x8c>
     f0e:	ff0007b7          	lui	a5,0xff000
     f12:	8cdd                	or	s1,s1,a5
     f14:	00c72703          	lw	a4,12(a4) # 2000000c <SelectCell>
     f18:	9f018793          	addi	a5,gp,-1552 # 20000238 <LoadCellStore>
     f1c:	070a                	slli	a4,a4,0x2
     f1e:	97ba                	add	a5,a5,a4
     f20:	c384                	sw	s1,0(a5)
     f22:	0111                	addi	sp,sp,4
     f24:	986ff06f          	j	aa <__riscv_restore_0>

00000f28 <GetCellRead>:
     f28:	050a                	slli	a0,a0,0x2
     f2a:	9f018793          	addi	a5,gp,-1552 # 20000238 <LoadCellStore>
     f2e:	00a78733          	add	a4,a5,a0
     f32:	9e818793          	addi	a5,gp,-1560 # 20000230 <LoadCellOffset>
     f36:	97aa                	add	a5,a5,a0
     f38:	439c                	lw	a5,0(a5)
     f3a:	4308                	lw	a0,0(a4)
     f3c:	8d1d                	sub	a0,a0,a5
     f3e:	8082                	ret

00000f40 <LoadCellTare>:
     f40:	050a                	slli	a0,a0,0x2
     f42:	9f018713          	addi	a4,gp,-1552 # 20000238 <LoadCellStore>
     f46:	972a                	add	a4,a4,a0
     f48:	4318                	lw	a4,0(a4)
     f4a:	9e818793          	addi	a5,gp,-1560 # 20000230 <LoadCellOffset>
     f4e:	97aa                	add	a5,a5,a0
     f50:	c398                	sw	a4,0(a5)
     f52:	8082                	ret

00000f54 <Hal__SetBuzzer>:
     f54:	c501                	beqz	a0,f5c <Hal__SetBuzzer+0x8>
     f56:	45a9                	li	a1,10
     f58:	4519                	li	a0,6
     f5a:	a405                	j	117a <Pwm__SetDutyCycle>
     f5c:	400137b7          	lui	a5,0x40013
     f60:	c0078793          	addi	a5,a5,-1024 # 40012c00 <__global_pointer$+0x200123b8>
     f64:	0207ac23          	sw	zero,56(a5)
     f68:	8082                	ret

00000f6a <ADProcess>:
     f6a:	936ff2ef          	jal	t0,a0 <__riscv_save_0>
     f6e:	a141a503          	lw	a0,-1516(gp) # 2000025c <AD_Channel>
     f72:	678d                	lui	a5,0x3
     f74:	97078793          	addi	a5,a5,-1680 # 2970 <Adc_Enable_Table>
     f78:	97aa                	add	a5,a5,a0
     f7a:	2398                	lbu	a4,0(a5)
     f7c:	4785                	li	a5,1
     f7e:	1171                	addi	sp,sp,-4
     f80:	04f71763          	bne	a4,a5,fce <ADProcess+0x64>
     f84:	a0018693          	addi	a3,gp,-1536 # 20000248 <AD_Counter>
     f88:	00d50633          	add	a2,a0,a3
     f8c:	220c                	lbu	a1,0(a2)
     f8e:	479d                	li	a5,7
     f90:	00151713          	slli	a4,a0,0x1
     f94:	a0c18413          	addi	s0,gp,-1524 # 20000254 <AD_Accumulator>
     f98:	04b7e763          	bltu	a5,a1,fe6 <ADProcess+0x7c>
     f9c:	c03a                	sw	a4,0(sp)
     f9e:	9b7ff0ef          	jal	ra,954 <ADC__GetValue>
     fa2:	4702                	lw	a4,0(sp)
     fa4:	a0418793          	addi	a5,gp,-1532 # 2000024c <AD_Sample>
     fa8:	973e                	add	a4,a4,a5
     faa:	a30a                	sh	a0,0(a4)
     fac:	a141a703          	lw	a4,-1516(gp) # 2000025c <AD_Channel>
     fb0:	00171613          	slli	a2,a4,0x1
     fb4:	9432                	add	s0,s0,a2
     fb6:	97b2                	add	a5,a5,a2
     fb8:	239e                	lhu	a5,0(a5)
     fba:	2012                	lhu	a2,0(s0)
     fbc:	97b2                	add	a5,a5,a2
     fbe:	a01e                	sh	a5,0(s0)
     fc0:	a0018693          	addi	a3,gp,-1536 # 20000248 <AD_Counter>
     fc4:	00d707b3          	add	a5,a4,a3
     fc8:	2398                	lbu	a4,0(a5)
     fca:	0705                	addi	a4,a4,1
     fcc:	a398                	sb	a4,0(a5)
     fce:	a141a783          	lw	a5,-1516(gp) # 2000025c <AD_Channel>
     fd2:	4709                	li	a4,2
     fd4:	0785                	addi	a5,a5,1
     fd6:	00f77363          	bgeu	a4,a5,fdc <ADProcess+0x72>
     fda:	4781                	li	a5,0
     fdc:	a0f1aa23          	sw	a5,-1516(gp) # 2000025c <AD_Channel>
     fe0:	0111                	addi	sp,sp,4
     fe2:	8c8ff06f          	j	aa <__riscv_restore_0>
     fe6:	943a                	add	s0,s0,a4
     fe8:	9f818793          	addi	a5,gp,-1544 # 20000240 <Hal_Analog_Inputs>
     fec:	97ba                	add	a5,a5,a4
     fee:	201a                	lhu	a4,0(s0)
     ff0:	00060023          	sb	zero,0(a2)
     ff4:	00041023          	sh	zero,0(s0)
     ff8:	830d                	srli	a4,a4,0x3
     ffa:	a39a                	sh	a4,0(a5)
     ffc:	bfc9                	j	fce <ADProcess+0x64>

00000ffe <Hal__BackgroundHandler>:
     ffe:	8a2ff2ef          	jal	t0,a0 <__riscv_save_0>
    1002:	37a5                	jal	f6a <ADProcess>
    1004:	3551                	jal	e88 <LoadCellRead>
    1006:	8a4ff06f          	j	aa <__riscv_restore_0>

0000100a <PPM_SetValue>:
    100a:	896ff2ef          	jal	t0,a0 <__riscv_save_0>
    100e:	a201a703          	lw	a4,-1504(gp) # 20000268 <Global_state>
    1012:	4781                	li	a5,0
    1014:	cb11                	beqz	a4,1028 <PPM_SetValue+0x1e>
    1016:	06400713          	li	a4,100
    101a:	87aa                	mv	a5,a0
    101c:	00a77463          	bgeu	a4,a0,1024 <PPM_SetValue+0x1a>
    1020:	06400793          	li	a5,100
    1024:	07c2                	slli	a5,a5,0x10
    1026:	83c1                	srli	a5,a5,0x10
    1028:	00279513          	slli	a0,a5,0x2
    102c:	953e                	add	a0,a0,a5
    102e:	a181a583          	lw	a1,-1512(gp) # 20000260 <time_period>
    1032:	1f450513          	addi	a0,a0,500 # 400111f4 <__global_pointer$+0x200109ac>
    1036:	87eff0ef          	jal	ra,b4 <__mulsi3>
    103a:	6589                	lui	a1,0x2
    103c:	71058593          	addi	a1,a1,1808 # 2710 <__divdi3+0x34e>
    1040:	894ff0ef          	jal	ra,d4 <__hidden___udivsi3>
    1044:	a0a1ae23          	sw	a0,-1508(gp) # 20000264 <PPM_duty>
    1048:	400007b7          	lui	a5,0x40000
    104c:	df88                	sw	a0,56(a5)
    104e:	85cff06f          	j	aa <__riscv_restore_0>

00001052 <PPM_Initialize>:
    1052:	84eff2ef          	jal	t0,a0 <__riscv_save_0>
    1056:	200007b7          	lui	a5,0x20000
    105a:	0207a403          	lw	s0,32(a5) # 20000020 <SystemCoreClock>
    105e:	03200593          	li	a1,50
    1062:	4505                	li	a0,1
    1064:	20b1                	jal	10b0 <Pwm__SetTCFrequency>
    1066:	65b1                	lui	a1,0xc
    1068:	4705                	li	a4,1
    106a:	35058593          	addi	a1,a1,848 # c350 <_data_lma+0x98ac>
    106e:	8522                	mv	a0,s0
    1070:	a2e1a023          	sw	a4,-1504(gp) # 20000268 <Global_state>
    1074:	860ff0ef          	jal	ra,d4 <__hidden___udivsi3>
    1078:	157d                	addi	a0,a0,-1
    107a:	67c1                	lui	a5,0x10
    107c:	00f56463          	bltu	a0,a5,1084 <PPM_Initialize+0x32>
    1080:	fff78513          	addi	a0,a5,-1 # ffff <_data_lma+0xd55b>
    1084:	0505                	addi	a0,a0,1
    1086:	00151593          	slli	a1,a0,0x1
    108a:	95aa                	add	a1,a1,a0
    108c:	058e                	slli	a1,a1,0x3
    108e:	95aa                	add	a1,a1,a0
    1090:	0586                	slli	a1,a1,0x1
    1092:	8522                	mv	a0,s0
    1094:	840ff0ef          	jal	ra,d4 <__hidden___udivsi3>
    1098:	157d                	addi	a0,a0,-1
    109a:	67c1                	lui	a5,0x10
    109c:	00f56463          	bltu	a0,a5,10a4 <PPM_Initialize+0x52>
    10a0:	fff78513          	addi	a0,a5,-1 # ffff <_data_lma+0xd55b>
    10a4:	a0a1ac23          	sw	a0,-1512(gp) # 20000260 <time_period>
    10a8:	4501                	li	a0,0
    10aa:	3785                	jal	100a <PPM_SetValue>
    10ac:	ffffe06f          	j	aa <__riscv_restore_0>

000010b0 <Pwm__SetTCFrequency>:
    10b0:	ff1fe2ef          	jal	t0,a0 <__riscv_save_0>
    10b4:	200007b7          	lui	a5,0x20000
    10b8:	0207a783          	lw	a5,32(a5) # 20000020 <SystemCoreClock>
    10bc:	1131                	addi	sp,sp,-20
    10be:	c22a                	sw	a0,4(sp)
    10c0:	c03e                	sw	a5,0(sp)
    10c2:	00559793          	slli	a5,a1,0x5
    10c6:	8f8d                	sub	a5,a5,a1
    10c8:	4502                	lw	a0,0(sp)
    10ca:	078a                	slli	a5,a5,0x2
    10cc:	97ae                	add	a5,a5,a1
    10ce:	842e                	mv	s0,a1
    10d0:	00379593          	slli	a1,a5,0x3
    10d4:	c402                	sw	zero,8(sp)
    10d6:	c602                	sw	zero,12(sp)
    10d8:	00011823          	sh	zero,16(sp)
    10dc:	ff9fe0ef          	jal	ra,d4 <__hidden___udivsi3>
    10e0:	fff50493          	addi	s1,a0,-1
    10e4:	67c1                	lui	a5,0x10
    10e6:	4712                	lw	a4,4(sp)
    10e8:	00f4e463          	bltu	s1,a5,10f0 <Pwm__SetTCFrequency+0x40>
    10ec:	fff78493          	addi	s1,a5,-1 # ffff <_data_lma+0xd55b>
    10f0:	85a2                	mv	a1,s0
    10f2:	00148513          	addi	a0,s1,1
    10f6:	c23a                	sw	a4,4(sp)
    10f8:	fbdfe0ef          	jal	ra,b4 <__mulsi3>
    10fc:	85aa                	mv	a1,a0
    10fe:	4502                	lw	a0,0(sp)
    1100:	fd5fe0ef          	jal	ra,d4 <__hidden___udivsi3>
    1104:	fff50413          	addi	s0,a0,-1
    1108:	67c1                	lui	a5,0x10
    110a:	4712                	lw	a4,4(sp)
    110c:	00f46463          	bltu	s0,a5,1114 <Pwm__SetTCFrequency+0x64>
    1110:	fff78413          	addi	s0,a5,-1 # ffff <_data_lma+0xd55b>
    1114:	0442                	slli	s0,s0,0x10
    1116:	00171793          	slli	a5,a4,0x1
    111a:	a3418613          	addi	a2,gp,-1484 # 2000027c <timer_period>
    111e:	8041                	srli	s0,s0,0x10
    1120:	97b2                	add	a5,a5,a2
    1122:	a382                	sh	s0,0(a5)
    1124:	c719                	beqz	a4,1132 <Pwm__SetTCFrequency+0x82>
    1126:	4785                	li	a5,1
    1128:	02f70b63          	beq	a4,a5,115e <Pwm__SetTCFrequency+0xae>
    112c:	0151                	addi	sp,sp,20
    112e:	f7dfe06f          	j	aa <__riscv_restore_0>
    1132:	6505                	lui	a0,0x1
    1134:	4585                	li	a1,1
    1136:	80050513          	addi	a0,a0,-2048 # 800 <ADC__Initialize+0xa6>
    113a:	1cf000ef          	jal	ra,1b08 <RCC_APB2PeriphClockCmd>
    113e:	40013537          	lui	a0,0x40013
    1142:	8660                	sh	s0,12(sp)
    1144:	8464                	sh	s1,8(sp)
    1146:	00011723          	sh	zero,14(sp)
    114a:	00011523          	sh	zero,10(sp)
    114e:	00010823          	sb	zero,16(sp)
    1152:	002c                	addi	a1,sp,8
    1154:	c0050513          	addi	a0,a0,-1024 # 40012c00 <__global_pointer$+0x200123b8>
    1158:	20b000ef          	jal	ra,1b62 <TIM_TimeBaseInit>
    115c:	bfc1                	j	112c <Pwm__SetTCFrequency+0x7c>
    115e:	4585                	li	a1,1
    1160:	4505                	li	a0,1
    1162:	1c5000ef          	jal	ra,1b26 <RCC_APB1PeriphClockCmd>
    1166:	002c                	addi	a1,sp,8
    1168:	8660                	sh	s0,12(sp)
    116a:	8464                	sh	s1,8(sp)
    116c:	00011723          	sh	zero,14(sp)
    1170:	00011523          	sh	zero,10(sp)
    1174:	40000537          	lui	a0,0x40000
    1178:	b7c5                	j	1158 <Pwm__SetTCFrequency+0xa8>

0000117a <Pwm__SetDutyCycle>:
    117a:	479d                	li	a5,7
    117c:	0aa7e763          	bltu	a5,a0,122a <Pwm__SetDutyCycle+0xb0>
    1180:	f21fe2ef          	jal	t0,a0 <__riscv_save_0>
    1184:	06400713          	li	a4,100
    1188:	842a                	mv	s0,a0
    118a:	a361d503          	lhu	a0,-1482(gp) # 2000027e <timer_period+0x2>
    118e:	87ae                	mv	a5,a1
    1190:	00b77463          	bgeu	a4,a1,1198 <Pwm__SetDutyCycle+0x1e>
    1194:	06400793          	li	a5,100
    1198:	0ff7f593          	zext.b	a1,a5
    119c:	f19fe0ef          	jal	ra,b4 <__mulsi3>
    11a0:	06400593          	li	a1,100
    11a4:	f29fe0ef          	jal	ra,cc <__divsi3>
    11a8:	0542                	slli	a0,a0,0x10
    11aa:	6741                	lui	a4,0x10
    11ac:	8141                	srli	a0,a0,0x10
    11ae:	06070713          	addi	a4,a4,96 # 10060 <_data_lma+0xd5bc>
    11b2:	a2418793          	addi	a5,gp,-1500 # 2000026c <TIM_OCInitStructure.0>
    11b6:	4695                	li	a3,5
    11b8:	a2e1a223          	sw	a4,-1500(gp) # 2000026c <TIM_OCInitStructure.0>
    11bc:	a3ea                	sh	a0,6(a5)
    11be:	0286e963          	bltu	a3,s0,11f0 <Pwm__SetDutyCycle+0x76>
    11c2:	00079423          	sh	zero,8(a5)
    11c6:	4785                	li	a5,1
    11c8:	00f41d63          	bne	s0,a5,11e2 <Pwm__SetDutyCycle+0x68>
    11cc:	a2418593          	addi	a1,gp,-1500 # 2000026c <TIM_OCInitStructure.0>
    11d0:	40000537          	lui	a0,0x40000
    11d4:	1dd000ef          	jal	ra,1bb0 <TIM_OC2Init>
    11d8:	45a1                	li	a1,8
    11da:	40000537          	lui	a0,0x40000
    11de:	2af000ef          	jal	ra,1c8c <TIM_OC2PreloadConfig>
    11e2:	4585                	li	a1,1
    11e4:	40000537          	lui	a0,0x40000
    11e8:	28b000ef          	jal	ra,1c72 <TIM_ARRPreloadConfig>
    11ec:	ebffe06f          	j	aa <__riscv_restore_0>
    11f0:	4709                	li	a4,2
    11f2:	a79a                	sh	a4,8(a5)
    11f4:	4799                	li	a5,6
    11f6:	02f41463          	bne	s0,a5,121e <Pwm__SetDutyCycle+0xa4>
    11fa:	40013437          	lui	s0,0x40013
    11fe:	4585                	li	a1,1
    1200:	c0040513          	addi	a0,s0,-1024 # 40012c00 <__global_pointer$+0x200123b8>
    1204:	259000ef          	jal	ra,1c5c <TIM_CtrlPWMOutputs>
    1208:	a2418593          	addi	a1,gp,-1500 # 2000026c <TIM_OCInitStructure.0>
    120c:	c0040513          	addi	a0,s0,-1024
    1210:	1a1000ef          	jal	ra,1bb0 <TIM_OC2Init>
    1214:	45a1                	li	a1,8
    1216:	c0040513          	addi	a0,s0,-1024
    121a:	273000ef          	jal	ra,1c8c <TIM_OC2PreloadConfig>
    121e:	40013537          	lui	a0,0x40013
    1222:	4585                	li	a1,1
    1224:	c0050513          	addi	a0,a0,-1024 # 40012c00 <__global_pointer$+0x200123b8>
    1228:	b7c1                	j	11e8 <Pwm__SetDutyCycle+0x6e>
    122a:	8082                	ret

0000122c <Pwm__Initialize>:
    122c:	e75fe2ef          	jal	t0,a0 <__riscv_save_0>
    1230:	1151                	addi	sp,sp,-12
    1232:	648d                	lui	s1,0x3
    1234:	c002                	sw	zero,0(sp)
    1236:	c202                	sw	zero,4(sp)
    1238:	c402                	sw	zero,8(sp)
    123a:	4401                	li	s0,0
    123c:	97c48493          	addi	s1,s1,-1668 # 297c <PWM_Enable_Table>
    1240:	009407b3          	add	a5,s0,s1
    1244:	239c                	lbu	a5,0(a5)
    1246:	4705                	li	a4,1
    1248:	0ae79563          	bne	a5,a4,12f2 <Pwm__Initialize+0xc6>
    124c:	4761                	li	a4,24
    124e:	c43a                	sw	a4,8(sp)
    1250:	470d                	li	a4,3
    1252:	c23a                	sw	a4,4(sp)
    1254:	00f40e63          	beq	s0,a5,1270 <Pwm__Initialize+0x44>
    1258:	4799                	li	a5,6
    125a:	04f40163          	beq	s0,a5,129c <Pwm__Initialize+0x70>
    125e:	03200593          	li	a1,50
    1262:	4505                	li	a0,1
    1264:	35b1                	jal	10b0 <Pwm__SetTCFrequency>
    1266:	8522                	mv	a0,s0
    1268:	458d                	li	a1,3
    126a:	3f01                	jal	117a <Pwm__SetDutyCycle>
    126c:	0405                	addi	s0,s0,1
    126e:	bfc9                	j	1240 <Pwm__Initialize+0x14>
    1270:	4585                	li	a1,1
    1272:	02000513          	li	a0,32
    1276:	093000ef          	jal	ra,1b08 <RCC_APB2PeriphClockCmd>
    127a:	40011537          	lui	a0,0x40011
    127e:	47a1                	li	a5,8
    1280:	858a                	mv	a1,sp
    1282:	40050513          	addi	a0,a0,1024 # 40011400 <__global_pointer$+0x20010bb8>
    1286:	807c                	sh	a5,0(sp)
    1288:	2579                	jal	1916 <GPIO_Init>
    128a:	03200593          	li	a1,50
    128e:	4505                	li	a0,1
    1290:	3505                	jal	10b0 <Pwm__SetTCFrequency>
    1292:	458d                	li	a1,3
    1294:	4505                	li	a0,1
    1296:	35d5                	jal	117a <Pwm__SetDutyCycle>
    1298:	4409                	li	s0,2
    129a:	b75d                	j	1240 <Pwm__Initialize+0x14>
    129c:	4585                	li	a1,1
    129e:	4545                	li	a0,17
    12a0:	069000ef          	jal	ra,1b08 <RCC_APB2PeriphClockCmd>
    12a4:	400107b7          	lui	a5,0x40010
    12a8:	43d8                	lw	a4,4(a5)
    12aa:	858a                	mv	a1,sp
    12ac:	40011537          	lui	a0,0x40011
    12b0:	f3f77713          	andi	a4,a4,-193
    12b4:	c3d8                	sw	a4,4(a5)
    12b6:	43d8                	lw	a4,4(a5)
    12b8:	0c076713          	ori	a4,a4,192
    12bc:	c3d8                	sw	a4,4(a5)
    12be:	08000793          	li	a5,128
    12c2:	807c                	sh	a5,0(sp)
    12c4:	2d89                	jal	1916 <GPIO_Init>
    12c6:	3e800593          	li	a1,1000
    12ca:	4501                	li	a0,0
    12cc:	33d5                	jal	10b0 <Pwm__SetTCFrequency>
    12ce:	4581                	li	a1,0
    12d0:	4519                	li	a0,6
    12d2:	3565                	jal	117a <Pwm__SetDutyCycle>
    12d4:	40013537          	lui	a0,0x40013
    12d8:	4585                	li	a1,1
    12da:	c0050513          	addi	a0,a0,-1024 # 40012c00 <__global_pointer$+0x200123b8>
    12de:	167000ef          	jal	ra,1c44 <TIM_Cmd>
    12e2:	4585                	li	a1,1
    12e4:	40000537          	lui	a0,0x40000
    12e8:	15d000ef          	jal	ra,1c44 <TIM_Cmd>
    12ec:	0131                	addi	sp,sp,12
    12ee:	dbdfe06f          	j	aa <__riscv_restore_0>
    12f2:	0405                	addi	s0,s0,1
    12f4:	479d                	li	a5,7
    12f6:	f4f415e3          	bne	s0,a5,1240 <Pwm__Initialize+0x14>
    12fa:	bfe9                	j	12d4 <Pwm__Initialize+0xa8>

000012fc <Appl__Initialize>:
    12fc:	4581                	li	a1,0
    12fe:	4505                	li	a0,1
    1300:	a201ac23          	sw	zero,-1480(gp) # 20000280 <Status>
    1304:	e79fe06f          	j	17c <Sounds__PlaySounds>

00001308 <Appl__Handler>:
    1308:	d99fe2ef          	jal	t0,a0 <__riscv_save_0>
    130c:	904ff0ef          	jal	ra,410 <SupervisionCMP>
    1310:	a2a1ac23          	sw	a0,-1480(gp) # 20000280 <Status>
    1314:	4789                	li	a5,2
    1316:	00f50663          	beq	a0,a5,1322 <Appl__Handler+0x1a>
    131a:	c911                	beqz	a0,132e <Appl__Handler+0x26>
    131c:	4785                	li	a5,1
    131e:	00f50e63          	beq	a0,a5,133a <Appl__Handler+0x32>
    1322:	8c0ff0ef          	jal	ra,3e2 <CheckCriticalError>
    1326:	97cff0ef          	jal	ra,4a2 <Thrust_UpdateData>
    132a:	d81fe06f          	j	aa <__riscv_restore_0>
    132e:	4505                	li	a0,1
    1330:	916ff0ef          	jal	ra,446 <ThrustManager_SetMotorAction>
    1334:	91aff0ef          	jal	ra,44e <ThrustManager_SetLoadCell>
    1338:	b7ed                	j	1322 <Appl__Handler+0x1a>
    133a:	4501                	li	a0,0
    133c:	90aff0ef          	jal	ra,446 <ThrustManager_SetMotorAction>
    1340:	b7cd                	j	1322 <Appl__Handler+0x1a>

00001342 <main>:
    1342:	d5ffe2ef          	jal	t0,a0 <__riscv_save_0>
    1346:	1171                	addi	sp,sp,-4
    1348:	4505                	li	a0,1
    134a:	a401a023          	sw	zero,-1472(gp) # 20000288 <Slot>
    134e:	2d9d                	jal	19c4 <NVIC_PriorityGroupConfig>
    1350:	224d                	jal	14f2 <SystemCoreClockUpdate>
    1352:	fa3fe0ef          	jal	ra,2f4 <SysTick_Init>
    1356:	a2dff0ef          	jal	ra,d82 <Hal__Initialize>
    135a:	e17fe0ef          	jal	ra,170 <Sounds__Initialize>
    135e:	bfcff0ef          	jal	ra,75a <ADC__Initialize>
    1362:	35e9                	jal	122c <Pwm__Initialize>
    1364:	8dcff0ef          	jal	ra,440 <CMPInitialize>
    1368:	f28ff0ef          	jal	ra,a90 <Comunication_Init>
    136c:	3f41                	jal	12fc <Appl__Initialize>
    136e:	ce5ff0ef          	jal	ra,1052 <PPM_Initialize>
    1372:	4501                	li	a0,0
    1374:	b0bff0ef          	jal	ra,e7e <LoadCellSelect>
    1378:	82cff0ef          	jal	ra,3a4 <SysTick_GetTick>
    137c:	842a                	mv	s0,a0
    137e:	ff3fe0ef          	jal	ra,370 <Timer__MsHandler>
    1382:	c7dff0ef          	jal	ra,ffe <Hal__BackgroundHandler>
    1386:	d6aff0ef          	jal	ra,8f0 <ADC_Handler>
    138a:	a401a783          	lw	a5,-1472(gp) # 20000288 <Slot>
    138e:	4715                	li	a4,5
    1390:	04f76e63          	bltu	a4,a5,13ec <main+0xaa>
    1394:	670d                	lui	a4,0x3
    1396:	078a                	slli	a5,a5,0x2
    1398:	98470713          	addi	a4,a4,-1660 # 2984 <PWM_Enable_Table+0x8>
    139c:	97ba                	add	a5,a5,a4
    139e:	439c                	lw	a5,0(a5)
    13a0:	8782                	jr	a5
    13a2:	379d                	jal	1308 <Appl__Handler>
    13a4:	800ff0ef          	jal	ra,3a4 <SysTick_GetTick>
    13a8:	c02a                	sw	a0,0(sp)
    13aa:	8522                	mv	a0,s0
    13ac:	ffffe0ef          	jal	ra,3aa <SysTick_GetElapsedTime>
    13b0:	06300793          	li	a5,99
    13b4:	02a7ff63          	bgeu	a5,a0,13f2 <main+0xb0>
    13b8:	a3c1a783          	lw	a5,-1476(gp) # 20000284 <prev_Slot>
    13bc:	4691                	li	a3,4
    13be:	4702                	lw	a4,0(sp)
    13c0:	0785                	addi	a5,a5,1 # 40010001 <__global_pointer$+0x2000f7b9>
    13c2:	00f6f363          	bgeu	a3,a5,13c8 <main+0x86>
    13c6:	4781                	li	a5,0
    13c8:	a4f1a023          	sw	a5,-1472(gp) # 20000288 <Slot>
    13cc:	843a                	mv	s0,a4
    13ce:	bf45                	j	137e <main+0x3c>
    13d0:	9b2ff0ef          	jal	ra,582 <CMP_BackgroundHandler>
    13d4:	bfc1                	j	13a4 <main+0x62>
    13d6:	c29ff0ef          	jal	ra,ffe <Hal__BackgroundHandler>
    13da:	b7e9                	j	13a4 <main+0x62>
    13dc:	e79fe0ef          	jal	ra,254 <Error_Handler>
    13e0:	963ff0ef          	jal	ra,d42 <ProcessReceivedData>
    13e4:	b7c1                	j	13a4 <main+0x62>
    13e6:	e1dfe0ef          	jal	ra,202 <Sounds__Background>
    13ea:	bf6d                	j	13a4 <main+0x62>
    13ec:	a401a023          	sw	zero,-1472(gp) # 20000288 <Slot>
    13f0:	bf55                	j	13a4 <main+0x62>
    13f2:	a401a783          	lw	a5,-1472(gp) # 20000288 <Slot>
    13f6:	4715                	li	a4,5
    13f8:	00e78463          	beq	a5,a4,1400 <main+0xbe>
    13fc:	a2f1ae23          	sw	a5,-1476(gp) # 20000284 <prev_Slot>
    1400:	8722                	mv	a4,s0
    1402:	4795                	li	a5,5
    1404:	b7d1                	j	13c8 <main+0x86>

00001406 <NMI_Handler>:
    1406:	a001                	j	1406 <NMI_Handler>

00001408 <HardFault_Handler>:
    1408:	beef07b7          	lui	a5,0xbeef0
    140c:	e000e737          	lui	a4,0xe000e
    1410:	08078793          	addi	a5,a5,128 # beef0080 <__global_pointer$+0x9eeef838>
    1414:	c73c                	sw	a5,72(a4)
    1416:	a001                	j	1416 <HardFault_Handler+0xe>

00001418 <SystemInit>:
    1418:	c89fe2ef          	jal	t0,a0 <__riscv_save_0>
    141c:	40021437          	lui	s0,0x40021
    1420:	401c                	lw	a5,0(s0)
    1422:	f8ff0737          	lui	a4,0xf8ff0
    1426:	4541                	li	a0,16
    1428:	0017e793          	ori	a5,a5,1
    142c:	c01c                	sw	a5,0(s0)
    142e:	405c                	lw	a5,4(s0)
    1430:	8ff9                	and	a5,a5,a4
    1432:	c05c                	sw	a5,4(s0)
    1434:	401c                	lw	a5,0(s0)
    1436:	fef70737          	lui	a4,0xfef70
    143a:	177d                	addi	a4,a4,-1 # fef6ffff <__global_pointer$+0xdef6f7b7>
    143c:	8ff9                	and	a5,a5,a4
    143e:	c01c                	sw	a5,0(s0)
    1440:	401c                	lw	a5,0(s0)
    1442:	fffc0737          	lui	a4,0xfffc0
    1446:	177d                	addi	a4,a4,-1 # fffbffff <__global_pointer$+0xdffbf7b7>
    1448:	8ff9                	and	a5,a5,a4
    144a:	c01c                	sw	a5,0(s0)
    144c:	405c                	lw	a5,4(s0)
    144e:	7741                	lui	a4,0xffff0
    1450:	177d                	addi	a4,a4,-1 # fffeffff <__global_pointer$+0xdffef7b7>
    1452:	8ff9                	and	a5,a5,a4
    1454:	c05c                	sw	a5,4(s0)
    1456:	009f07b7          	lui	a5,0x9f0
    145a:	c41c                	sw	a5,8(s0)
    145c:	2bc1                	jal	1a2c <RCC_AdjustHSICalibrationValue>
    145e:	4c1c                	lw	a5,24(s0)
    1460:	0207e793          	ori	a5,a5,32
    1464:	cc1c                	sw	a5,24(s0)
    1466:	400117b7          	lui	a5,0x40011
    146a:	40078793          	addi	a5,a5,1024 # 40011400 <__global_pointer$+0x20010bb8>
    146e:	4398                	lw	a4,0(a5)
    1470:	f0f77713          	andi	a4,a4,-241
    1474:	c398                	sw	a4,0(a5)
    1476:	4398                	lw	a4,0(a5)
    1478:	08076713          	ori	a4,a4,128
    147c:	c398                	sw	a4,0(a5)
    147e:	4709                	li	a4,2
    1480:	cb98                	sw	a4,16(a5)
    1482:	1ffff7b7          	lui	a5,0x1ffff
    1486:	7d47c503          	lbu	a0,2004(a5) # 1ffff7d4 <_data_lma+0x1fffcd30>
    148a:	0ff00793          	li	a5,255
    148e:	00f50463          	beq	a0,a5,1496 <SystemInit+0x7e>
    1492:	897d                	andi	a0,a0,31
    1494:	2b61                	jal	1a2c <RCC_AdjustHSICalibrationValue>
    1496:	400227b7          	lui	a5,0x40022
    149a:	4398                	lw	a4,0(a5)
    149c:	76c1                	lui	a3,0xffff0
    149e:	16fd                	addi	a3,a3,-1 # fffeffff <__global_pointer$+0xdffef7b7>
    14a0:	9b71                	andi	a4,a4,-4
    14a2:	c398                	sw	a4,0(a5)
    14a4:	4398                	lw	a4,0(a5)
    14a6:	00176713          	ori	a4,a4,1
    14aa:	c398                	sw	a4,0(a5)
    14ac:	400217b7          	lui	a5,0x40021
    14b0:	43d8                	lw	a4,4(a5)
    14b2:	c3d8                	sw	a4,4(a5)
    14b4:	43d8                	lw	a4,4(a5)
    14b6:	8f75                	and	a4,a4,a3
    14b8:	c3d8                	sw	a4,4(a5)
    14ba:	43d8                	lw	a4,4(a5)
    14bc:	010006b7          	lui	a3,0x1000
    14c0:	c3d8                	sw	a4,4(a5)
    14c2:	4398                	lw	a4,0(a5)
    14c4:	8f55                	or	a4,a4,a3
    14c6:	c398                	sw	a4,0(a5)
    14c8:	020006b7          	lui	a3,0x2000
    14cc:	4398                	lw	a4,0(a5)
    14ce:	8f75                	and	a4,a4,a3
    14d0:	df75                	beqz	a4,14cc <SystemInit+0xb4>
    14d2:	43d8                	lw	a4,4(a5)
    14d4:	400216b7          	lui	a3,0x40021
    14d8:	9b71                	andi	a4,a4,-4
    14da:	c3d8                	sw	a4,4(a5)
    14dc:	43d8                	lw	a4,4(a5)
    14de:	00276713          	ori	a4,a4,2
    14e2:	c3d8                	sw	a4,4(a5)
    14e4:	4721                	li	a4,8
    14e6:	42dc                	lw	a5,4(a3)
    14e8:	8bb1                	andi	a5,a5,12
    14ea:	fee79ee3          	bne	a5,a4,14e6 <SystemInit+0xce>
    14ee:	bbdfe06f          	j	aa <__riscv_restore_0>

000014f2 <SystemCoreClockUpdate>:
    14f2:	40021737          	lui	a4,0x40021
    14f6:	435c                	lw	a5,4(a4)
    14f8:	46a1                	li	a3,8
    14fa:	8bb1                	andi	a5,a5,12
    14fc:	04d79463          	bne	a5,a3,1544 <SystemCoreClockUpdate+0x52>
    1500:	435c                	lw	a5,4(a4)
    1502:	02dc7537          	lui	a0,0x2dc7
    1506:	c0050513          	addi	a0,a0,-1024 # 2dc6c00 <_data_lma+0x2dc415c>
    150a:	400216b7          	lui	a3,0x40021
    150e:	42d8                	lw	a4,4(a3)
    1510:	200007b7          	lui	a5,0x20000
    1514:	01078793          	addi	a5,a5,16 # 20000010 <AHBPrescTable>
    1518:	8311                	srli	a4,a4,0x4
    151a:	8b3d                	andi	a4,a4,15
    151c:	97ba                	add	a5,a5,a4
    151e:	239c                	lbu	a5,0(a5)
    1520:	42d8                	lw	a4,4(a3)
    1522:	0ff7f593          	zext.b	a1,a5
    1526:	08077713          	andi	a4,a4,128
    152a:	00f557b3          	srl	a5,a0,a5
    152e:	e305                	bnez	a4,154e <SystemCoreClockUpdate+0x5c>
    1530:	b71fe2ef          	jal	t0,a0 <__riscv_save_0>
    1534:	ba1fe0ef          	jal	ra,d4 <__hidden___udivsi3>
    1538:	20000737          	lui	a4,0x20000
    153c:	02a72023          	sw	a0,32(a4) # 20000020 <SystemCoreClock>
    1540:	b6bfe06f          	j	aa <__riscv_restore_0>
    1544:	016e3537          	lui	a0,0x16e3
    1548:	60050513          	addi	a0,a0,1536 # 16e3600 <_data_lma+0x16e0b5c>
    154c:	bf7d                	j	150a <SystemCoreClockUpdate+0x18>
    154e:	20000737          	lui	a4,0x20000
    1552:	02f72023          	sw	a5,32(a4) # 20000020 <SystemCoreClock>
    1556:	8082                	ret

00001558 <ADC1_IRQHandler>:
    1558:	a001                	j	1558 <ADC1_IRQHandler>

0000155a <handle_reset>:
    155a:	1ffff197          	auipc	gp,0x1ffff
    155e:	2ee18193          	addi	gp,gp,750 # 20000848 <__global_pointer$>
    1562:	fb818113          	addi	sp,gp,-72 # 20000800 <_eusrstack>
    1566:	0a000513          	li	a0,160
    156a:	1ffff597          	auipc	a1,0x1ffff
    156e:	a9658593          	addi	a1,a1,-1386 # 20000000 <state_buzzer.0>
    1572:	1ffff617          	auipc	a2,0x1ffff
    1576:	a8e60613          	addi	a2,a2,-1394 # 20000000 <state_buzzer.0>
    157a:	00c5fa63          	bgeu	a1,a2,158e <handle_reset+0x34>
    157e:	00052283          	lw	t0,0(a0)
    1582:	0055a023          	sw	t0,0(a1)
    1586:	0511                	addi	a0,a0,4
    1588:	0591                	addi	a1,a1,4
    158a:	fec5eae3          	bltu	a1,a2,157e <handle_reset+0x24>
    158e:	00001517          	auipc	a0,0x1
    1592:	51650513          	addi	a0,a0,1302 # 2aa4 <_data_lma>
    1596:	1ffff597          	auipc	a1,0x1ffff
    159a:	a6a58593          	addi	a1,a1,-1430 # 20000000 <state_buzzer.0>
    159e:	1ffff617          	auipc	a2,0x1ffff
    15a2:	aaa60613          	addi	a2,a2,-1366 # 20000048 <on_tick>
    15a6:	00c5fa63          	bgeu	a1,a2,15ba <handle_reset+0x60>
    15aa:	00052283          	lw	t0,0(a0)
    15ae:	0055a023          	sw	t0,0(a1)
    15b2:	0511                	addi	a0,a0,4
    15b4:	0591                	addi	a1,a1,4
    15b6:	fec5eae3          	bltu	a1,a2,15aa <handle_reset+0x50>
    15ba:	1ffff517          	auipc	a0,0x1ffff
    15be:	a8e50513          	addi	a0,a0,-1394 # 20000048 <on_tick>
    15c2:	a4818593          	addi	a1,gp,-1464 # 20000290 <_ebss>
    15c6:	00b57763          	bgeu	a0,a1,15d4 <handle_reset+0x7a>
    15ca:	00052023          	sw	zero,0(a0)
    15ce:	0511                	addi	a0,a0,4
    15d0:	feb56de3          	bltu	a0,a1,15ca <handle_reset+0x70>
    15d4:	6289                	lui	t0,0x2
    15d6:	88028293          	addi	t0,t0,-1920 # 1880 <DMA_GetFlagStatus+0x8>
    15da:	30029073          	.4byte	0x30029073
    15de:	428d                	li	t0,3
    15e0:	80429073          	.4byte	0x80429073
    15e4:	fffff297          	auipc	t0,0xfffff
    15e8:	a1c28293          	addi	t0,t0,-1508 # 0 <_sinit>
    15ec:	0032e293          	ori	t0,t0,3
    15f0:	30529073          	.4byte	0x30529073
    15f4:	e25ff0ef          	jal	ra,1418 <SystemInit>
    15f8:	00000297          	auipc	t0,0x0
    15fc:	d4a28293          	addi	t0,t0,-694 # 1342 <main>
    1600:	34129073          	.4byte	0x34129073
    1604:	30200073          	mret

00001608 <ADC_DeInit>:
    1608:	400127b7          	lui	a5,0x40012
    160c:	40078793          	addi	a5,a5,1024 # 40012400 <__global_pointer$+0x20011bb8>
    1610:	00f51e63          	bne	a0,a5,162c <ADC_DeInit+0x24>
    1614:	a8dfe2ef          	jal	t0,a0 <__riscv_save_0>
    1618:	4585                	li	a1,1
    161a:	20000513          	li	a0,512
    161e:	231d                	jal	1b44 <RCC_APB2PeriphResetCmd>
    1620:	4581                	li	a1,0
    1622:	20000513          	li	a0,512
    1626:	2b39                	jal	1b44 <RCC_APB2PeriphResetCmd>
    1628:	a83fe06f          	j	aa <__riscv_restore_0>
    162c:	8082                	ret

0000162e <ADC_Init>:
    162e:	4158                	lw	a4,4(a0)
    1630:	fff107b7          	lui	a5,0xfff10
    1634:	eff78793          	addi	a5,a5,-257 # fff0feff <__global_pointer$+0xdff0f6b7>
    1638:	8f7d                	and	a4,a4,a5
    163a:	41dc                	lw	a5,4(a1)
    163c:	4194                	lw	a3,0(a1)
    163e:	07a2                	slli	a5,a5,0x8
    1640:	8fd5                	or	a5,a5,a3
    1642:	8fd9                	or	a5,a5,a4
    1644:	c15c                	sw	a5,4(a0)
    1646:	4518                	lw	a4,8(a0)
    1648:	fff1f7b7          	lui	a5,0xfff1f
    164c:	7fd78793          	addi	a5,a5,2045 # fff1f7fd <__global_pointer$+0xdff1efb5>
    1650:	45d4                	lw	a3,12(a1)
    1652:	8f7d                	and	a4,a4,a5
    1654:	499c                	lw	a5,16(a1)
    1656:	8fd5                	or	a5,a5,a3
    1658:	4594                	lw	a3,8(a1)
    165a:	0686                	slli	a3,a3,0x1
    165c:	8fd5                	or	a5,a5,a3
    165e:	8fd9                	or	a5,a5,a4
    1660:	c51c                	sw	a5,8(a0)
    1662:	5558                	lw	a4,44(a0)
    1664:	ff1007b7          	lui	a5,0xff100
    1668:	17fd                	addi	a5,a5,-1 # ff0fffff <__global_pointer$+0xdf0ff7b7>
    166a:	8f7d                	and	a4,a4,a5
    166c:	29dc                	lbu	a5,20(a1)
    166e:	17fd                	addi	a5,a5,-1
    1670:	0ff7f793          	zext.b	a5,a5
    1674:	07d2                	slli	a5,a5,0x14
    1676:	8fd9                	or	a5,a5,a4
    1678:	d55c                	sw	a5,44(a0)
    167a:	8082                	ret

0000167c <ADC_Cmd>:
    167c:	451c                	lw	a5,8(a0)
    167e:	c589                	beqz	a1,1688 <ADC_Cmd+0xc>
    1680:	0017e793          	ori	a5,a5,1
    1684:	c51c                	sw	a5,8(a0)
    1686:	8082                	ret
    1688:	9bf9                	andi	a5,a5,-2
    168a:	bfed                	j	1684 <ADC_Cmd+0x8>

0000168c <ADC_DMACmd>:
    168c:	451c                	lw	a5,8(a0)
    168e:	c589                	beqz	a1,1698 <ADC_DMACmd+0xc>
    1690:	1007e793          	ori	a5,a5,256
    1694:	c51c                	sw	a5,8(a0)
    1696:	8082                	ret
    1698:	eff7f793          	andi	a5,a5,-257
    169c:	bfe5                	j	1694 <ADC_DMACmd+0x8>

0000169e <ADC_ResetCalibration>:
    169e:	451c                	lw	a5,8(a0)
    16a0:	0087e793          	ori	a5,a5,8
    16a4:	c51c                	sw	a5,8(a0)
    16a6:	8082                	ret

000016a8 <ADC_GetResetCalibrationStatus>:
    16a8:	4508                	lw	a0,8(a0)
    16aa:	810d                	srli	a0,a0,0x3
    16ac:	8905                	andi	a0,a0,1
    16ae:	8082                	ret

000016b0 <ADC_StartCalibration>:
    16b0:	451c                	lw	a5,8(a0)
    16b2:	0047e793          	ori	a5,a5,4
    16b6:	c51c                	sw	a5,8(a0)
    16b8:	8082                	ret

000016ba <ADC_GetCalibrationStatus>:
    16ba:	4508                	lw	a0,8(a0)
    16bc:	8109                	srli	a0,a0,0x2
    16be:	8905                	andi	a0,a0,1
    16c0:	8082                	ret

000016c2 <ADC_SoftwareStartConvCmd>:
    16c2:	451c                	lw	a5,8(a0)
    16c4:	c591                	beqz	a1,16d0 <ADC_SoftwareStartConvCmd+0xe>
    16c6:	00500737          	lui	a4,0x500
    16ca:	8fd9                	or	a5,a5,a4
    16cc:	c51c                	sw	a5,8(a0)
    16ce:	8082                	ret
    16d0:	ffb00737          	lui	a4,0xffb00
    16d4:	177d                	addi	a4,a4,-1 # ffafffff <__global_pointer$+0xdfaff7b7>
    16d6:	8ff9                	and	a5,a5,a4
    16d8:	bfd5                	j	16cc <ADC_SoftwareStartConvCmd+0xa>

000016da <ADC_RegularChannelConfig>:
    16da:	47a5                	li	a5,9
    16dc:	04b7f763          	bgeu	a5,a1,172a <ADC_RegularChannelConfig+0x50>
    16e0:	ff658713          	addi	a4,a1,-10
    16e4:	00171793          	slli	a5,a4,0x1
    16e8:	97ba                	add	a5,a5,a4
    16ea:	00c52303          	lw	t1,12(a0)
    16ee:	471d                	li	a4,7
    16f0:	00f71733          	sll	a4,a4,a5
    16f4:	fff74713          	not	a4,a4
    16f8:	00677733          	and	a4,a4,t1
    16fc:	00f697b3          	sll	a5,a3,a5
    1700:	8fd9                	or	a5,a5,a4
    1702:	c55c                	sw	a5,12(a0)
    1704:	4799                	li	a5,6
    1706:	04c7e363          	bltu	a5,a2,174c <ADC_RegularChannelConfig+0x72>
    170a:	167d                	addi	a2,a2,-1
    170c:	00261793          	slli	a5,a2,0x2
    1710:	963e                	add	a2,a2,a5
    1712:	5958                	lw	a4,52(a0)
    1714:	47fd                	li	a5,31
    1716:	00c797b3          	sll	a5,a5,a2
    171a:	fff7c793          	not	a5,a5
    171e:	8ff9                	and	a5,a5,a4
    1720:	00c59633          	sll	a2,a1,a2
    1724:	8e5d                	or	a2,a2,a5
    1726:	d950                	sw	a2,52(a0)
    1728:	8082                	ret
    172a:	00159713          	slli	a4,a1,0x1
    172e:	01052303          	lw	t1,16(a0)
    1732:	972e                	add	a4,a4,a1
    1734:	479d                	li	a5,7
    1736:	00e797b3          	sll	a5,a5,a4
    173a:	fff7c793          	not	a5,a5
    173e:	0067f7b3          	and	a5,a5,t1
    1742:	00e696b3          	sll	a3,a3,a4
    1746:	8edd                	or	a3,a3,a5
    1748:	c914                	sw	a3,16(a0)
    174a:	bf6d                	j	1704 <ADC_RegularChannelConfig+0x2a>
    174c:	47b1                	li	a5,12
    174e:	02c7e263          	bltu	a5,a2,1772 <ADC_RegularChannelConfig+0x98>
    1752:	1665                	addi	a2,a2,-7
    1754:	00261793          	slli	a5,a2,0x2
    1758:	963e                	add	a2,a2,a5
    175a:	5918                	lw	a4,48(a0)
    175c:	47fd                	li	a5,31
    175e:	00c797b3          	sll	a5,a5,a2
    1762:	fff7c793          	not	a5,a5
    1766:	8ff9                	and	a5,a5,a4
    1768:	00c59633          	sll	a2,a1,a2
    176c:	8e5d                	or	a2,a2,a5
    176e:	d910                	sw	a2,48(a0)
    1770:	8082                	ret
    1772:	164d                	addi	a2,a2,-13
    1774:	00261713          	slli	a4,a2,0x2
    1778:	5554                	lw	a3,44(a0)
    177a:	9732                	add	a4,a4,a2
    177c:	47fd                	li	a5,31
    177e:	00e797b3          	sll	a5,a5,a4
    1782:	fff7c793          	not	a5,a5
    1786:	8ff5                	and	a5,a5,a3
    1788:	00e595b3          	sll	a1,a1,a4
    178c:	8ddd                	or	a1,a1,a5
    178e:	d54c                	sw	a1,44(a0)
    1790:	8082                	ret

00001792 <DMA_DeInit>:
    1792:	411c                	lw	a5,0(a0)
    1794:	6741                	lui	a4,0x10
    1796:	1779                	addi	a4,a4,-2 # fffe <_data_lma+0xd55a>
    1798:	8ff9                	and	a5,a5,a4
    179a:	c11c                	sw	a5,0(a0)
    179c:	00052023          	sw	zero,0(a0)
    17a0:	00052223          	sw	zero,4(a0)
    17a4:	00052423          	sw	zero,8(a0)
    17a8:	400207b7          	lui	a5,0x40020
    17ac:	00052623          	sw	zero,12(a0)
    17b0:	00878713          	addi	a4,a5,8 # 40020008 <__global_pointer$+0x2001f7c0>
    17b4:	00e51763          	bne	a0,a4,17c2 <DMA_DeInit+0x30>
    17b8:	43d8                	lw	a4,4(a5)
    17ba:	00f76713          	ori	a4,a4,15
    17be:	c3d8                	sw	a4,4(a5)
    17c0:	8082                	ret
    17c2:	01c78713          	addi	a4,a5,28
    17c6:	00e51663          	bne	a0,a4,17d2 <DMA_DeInit+0x40>
    17ca:	43d8                	lw	a4,4(a5)
    17cc:	0f076713          	ori	a4,a4,240
    17d0:	b7fd                	j	17be <DMA_DeInit+0x2c>
    17d2:	03078713          	addi	a4,a5,48
    17d6:	00e51863          	bne	a0,a4,17e6 <DMA_DeInit+0x54>
    17da:	43d8                	lw	a4,4(a5)
    17dc:	6685                	lui	a3,0x1
    17de:	f0068693          	addi	a3,a3,-256 # f00 <LoadCellRead+0x78>
    17e2:	8f55                	or	a4,a4,a3
    17e4:	bfe9                	j	17be <DMA_DeInit+0x2c>
    17e6:	04478713          	addi	a4,a5,68
    17ea:	00e51563          	bne	a0,a4,17f4 <DMA_DeInit+0x62>
    17ee:	43d8                	lw	a4,4(a5)
    17f0:	66bd                	lui	a3,0xf
    17f2:	bfc5                	j	17e2 <DMA_DeInit+0x50>
    17f4:	05878713          	addi	a4,a5,88
    17f8:	00e51663          	bne	a0,a4,1804 <DMA_DeInit+0x72>
    17fc:	43d8                	lw	a4,4(a5)
    17fe:	000f06b7          	lui	a3,0xf0
    1802:	b7c5                	j	17e2 <DMA_DeInit+0x50>
    1804:	06c78713          	addi	a4,a5,108
    1808:	00e51663          	bne	a0,a4,1814 <DMA_DeInit+0x82>
    180c:	43d8                	lw	a4,4(a5)
    180e:	00f006b7          	lui	a3,0xf00
    1812:	bfc1                	j	17e2 <DMA_DeInit+0x50>
    1814:	08078713          	addi	a4,a5,128
    1818:	fae514e3          	bne	a0,a4,17c0 <DMA_DeInit+0x2e>
    181c:	43d8                	lw	a4,4(a5)
    181e:	0f0006b7          	lui	a3,0xf000
    1822:	b7c1                	j	17e2 <DMA_DeInit+0x50>

00001824 <DMA_Init>:
    1824:	4118                	lw	a4,0(a0)
    1826:	77e1                	lui	a5,0xffff8
    1828:	07bd                	addi	a5,a5,15 # ffff800f <__global_pointer$+0xdfff77c7>
    182a:	5194                	lw	a3,32(a1)
    182c:	8f7d                	and	a4,a4,a5
    182e:	459c                	lw	a5,8(a1)
    1830:	8fd5                	or	a5,a5,a3
    1832:	4994                	lw	a3,16(a1)
    1834:	8fd5                	or	a5,a5,a3
    1836:	49d4                	lw	a3,20(a1)
    1838:	8fd5                	or	a5,a5,a3
    183a:	4d94                	lw	a3,24(a1)
    183c:	8fd5                	or	a5,a5,a3
    183e:	4dd4                	lw	a3,28(a1)
    1840:	8fd5                	or	a5,a5,a3
    1842:	51d4                	lw	a3,36(a1)
    1844:	8fd5                	or	a5,a5,a3
    1846:	5594                	lw	a3,40(a1)
    1848:	8fd5                	or	a5,a5,a3
    184a:	8fd9                	or	a5,a5,a4
    184c:	c11c                	sw	a5,0(a0)
    184e:	45dc                	lw	a5,12(a1)
    1850:	c15c                	sw	a5,4(a0)
    1852:	419c                	lw	a5,0(a1)
    1854:	c51c                	sw	a5,8(a0)
    1856:	41dc                	lw	a5,4(a1)
    1858:	c55c                	sw	a5,12(a0)
    185a:	8082                	ret

0000185c <DMA_Cmd>:
    185c:	411c                	lw	a5,0(a0)
    185e:	c589                	beqz	a1,1868 <DMA_Cmd+0xc>
    1860:	0017e793          	ori	a5,a5,1
    1864:	c11c                	sw	a5,0(a0)
    1866:	8082                	ret
    1868:	6741                	lui	a4,0x10
    186a:	1779                	addi	a4,a4,-2 # fffe <_data_lma+0xd55a>
    186c:	8ff9                	and	a5,a5,a4
    186e:	bfdd                	j	1864 <DMA_Cmd+0x8>

00001870 <DMA_GetCurrDataCounter>:
    1870:	4148                	lw	a0,4(a0)
    1872:	0542                	slli	a0,a0,0x10
    1874:	8141                	srli	a0,a0,0x10
    1876:	8082                	ret

00001878 <DMA_GetFlagStatus>:
    1878:	400207b7          	lui	a5,0x40020
    187c:	439c                	lw	a5,0(a5)
    187e:	8d7d                	and	a0,a0,a5
    1880:	00a03533          	snez	a0,a0
    1884:	8082                	ret

00001886 <DMA_ClearFlag>:
    1886:	400207b7          	lui	a5,0x40020
    188a:	c3c8                	sw	a0,4(a5)
    188c:	8082                	ret

0000188e <EXTI_Init>:
    188e:	4158                	lw	a4,4(a0)
    1890:	410c                	lw	a1,0(a0)
    1892:	4550                	lw	a2,12(a0)
    1894:	400107b7          	lui	a5,0x40010
    1898:	40078793          	addi	a5,a5,1024 # 40010400 <__global_pointer$+0x2000fbb8>
    189c:	973e                	add	a4,a4,a5
    189e:	fff5c693          	not	a3,a1
    18a2:	c239                	beqz	a2,18e8 <EXTI_Init+0x5a>
    18a4:	4390                	lw	a2,0(a5)
    18a6:	8e75                	and	a2,a2,a3
    18a8:	c390                	sw	a2,0(a5)
    18aa:	43d0                	lw	a2,4(a5)
    18ac:	8ef1                	and	a3,a3,a2
    18ae:	c3d4                	sw	a3,4(a5)
    18b0:	4314                	lw	a3,0(a4)
    18b2:	8ecd                	or	a3,a3,a1
    18b4:	c314                	sw	a3,0(a4)
    18b6:	4118                	lw	a4,0(a0)
    18b8:	4790                	lw	a2,8(a5)
    18ba:	fff74693          	not	a3,a4
    18be:	8e75                	and	a2,a2,a3
    18c0:	c790                	sw	a2,8(a5)
    18c2:	47d0                	lw	a2,12(a5)
    18c4:	8ef1                	and	a3,a3,a2
    18c6:	c7d4                	sw	a3,12(a5)
    18c8:	4514                	lw	a3,8(a0)
    18ca:	4641                	li	a2,16
    18cc:	00c69963          	bne	a3,a2,18de <EXTI_Init+0x50>
    18d0:	4794                	lw	a3,8(a5)
    18d2:	8ed9                	or	a3,a3,a4
    18d4:	c794                	sw	a3,8(a5)
    18d6:	47d4                	lw	a3,12(a5)
    18d8:	8f55                	or	a4,a4,a3
    18da:	c7d8                	sw	a4,12(a5)
    18dc:	8082                	ret
    18de:	97b6                	add	a5,a5,a3
    18e0:	4394                	lw	a3,0(a5)
    18e2:	8f55                	or	a4,a4,a3
    18e4:	c398                	sw	a4,0(a5)
    18e6:	8082                	ret
    18e8:	431c                	lw	a5,0(a4)
    18ea:	8ff5                	and	a5,a5,a3
    18ec:	c31c                	sw	a5,0(a4)
    18ee:	8082                	ret

000018f0 <EXTI_GetITStatus>:
    18f0:	400107b7          	lui	a5,0x40010
    18f4:	40078793          	addi	a5,a5,1024 # 40010400 <__global_pointer$+0x2000fbb8>
    18f8:	4394                	lw	a3,0(a5)
    18fa:	4bdc                	lw	a5,20(a5)
    18fc:	872a                	mv	a4,a0
    18fe:	8d7d                	and	a0,a0,a5
    1900:	c501                	beqz	a0,1908 <EXTI_GetITStatus+0x18>
    1902:	8ef9                	and	a3,a3,a4
    1904:	00d03533          	snez	a0,a3
    1908:	8082                	ret

0000190a <EXTI_ClearITPendingBit>:
    190a:	400107b7          	lui	a5,0x40010
    190e:	40078793          	addi	a5,a5,1024 # 40010400 <__global_pointer$+0x2000fbb8>
    1912:	cbc8                	sw	a0,20(a5)
    1914:	8082                	ret

00001916 <GPIO_Init>:
    1916:	4594                	lw	a3,8(a1)
    1918:	0106f793          	andi	a5,a3,16
    191c:	00f6f313          	andi	t1,a3,15
    1920:	c781                	beqz	a5,1928 <GPIO_Init+0x12>
    1922:	41dc                	lw	a5,4(a1)
    1924:	00f36333          	or	t1,t1,a5
    1928:	0005d283          	lhu	t0,0(a1)
    192c:	0ff2f793          	zext.b	a5,t0
    1930:	cfa9                	beqz	a5,198a <GPIO_Init+0x74>
    1932:	410c                	lw	a1,0(a0)
    1934:	1161                	addi	sp,sp,-8
    1936:	c222                	sw	s0,4(sp)
    1938:	c026                	sw	s1,0(sp)
    193a:	4781                	li	a5,0
    193c:	02800393          	li	t2,40
    1940:	443d                	li	s0,15
    1942:	04800493          	li	s1,72
    1946:	4705                	li	a4,1
    1948:	00f71733          	sll	a4,a4,a5
    194c:	00e2f633          	and	a2,t0,a4
    1950:	02c71063          	bne	a4,a2,1970 <GPIO_Init+0x5a>
    1954:	02769763          	bne	a3,t2,1982 <GPIO_Init+0x6c>
    1958:	c958                	sw	a4,20(a0)
    195a:	00279613          	slli	a2,a5,0x2
    195e:	00c41733          	sll	a4,s0,a2
    1962:	fff74713          	not	a4,a4
    1966:	8f6d                	and	a4,a4,a1
    1968:	00c31633          	sll	a2,t1,a2
    196c:	00e665b3          	or	a1,a2,a4
    1970:	0785                	addi	a5,a5,1
    1972:	4721                	li	a4,8
    1974:	fce799e3          	bne	a5,a4,1946 <GPIO_Init+0x30>
    1978:	4412                	lw	s0,4(sp)
    197a:	c10c                	sw	a1,0(a0)
    197c:	4482                	lw	s1,0(sp)
    197e:	0121                	addi	sp,sp,8
    1980:	8082                	ret
    1982:	fc969ce3          	bne	a3,s1,195a <GPIO_Init+0x44>
    1986:	c918                	sw	a4,16(a0)
    1988:	bfc9                	j	195a <GPIO_Init+0x44>
    198a:	8082                	ret

0000198c <GPIO_ReadInputDataBit>:
    198c:	451c                	lw	a5,8(a0)
    198e:	00f5f533          	and	a0,a1,a5
    1992:	00a03533          	snez	a0,a0
    1996:	8082                	ret

00001998 <GPIO_WriteBit>:
    1998:	c219                	beqz	a2,199e <GPIO_WriteBit+0x6>
    199a:	c90c                	sw	a1,16(a0)
    199c:	8082                	ret
    199e:	c94c                	sw	a1,20(a0)
    19a0:	8082                	ret

000019a2 <GPIO_EXTILineConfig>:
    19a2:	40010737          	lui	a4,0x40010
    19a6:	4714                	lw	a3,8(a4)
    19a8:	0586                	slli	a1,a1,0x1
    19aa:	478d                	li	a5,3
    19ac:	00b797b3          	sll	a5,a5,a1
    19b0:	fff7c793          	not	a5,a5
    19b4:	8ff5                	and	a5,a5,a3
    19b6:	c71c                	sw	a5,8(a4)
    19b8:	471c                	lw	a5,8(a4)
    19ba:	00b51533          	sll	a0,a0,a1
    19be:	8d5d                	or	a0,a0,a5
    19c0:	c708                	sw	a0,8(a4)
    19c2:	8082                	ret

000019c4 <NVIC_PriorityGroupConfig>:
    19c4:	a4a1a223          	sw	a0,-1468(gp) # 2000028c <NVIC_Priority_Group>
    19c8:	8082                	ret

000019ca <NVIC_Init>:
    19ca:	a441a703          	lw	a4,-1468(gp) # 2000028c <NVIC_Priority_Group>
    19ce:	4785                	li	a5,1
    19d0:	2114                	lbu	a3,0(a0)
    19d2:	02f71063          	bne	a4,a5,19f2 <NVIC_Init+0x28>
    19d6:	311c                	lbu	a5,1(a0)
    19d8:	02e79c63          	bne	a5,a4,1a10 <NVIC_Init+0x46>
    19dc:	213c                	lbu	a5,2(a0)
    19de:	079a                	slli	a5,a5,0x6
    19e0:	f807e793          	ori	a5,a5,-128
    19e4:	e000e737          	lui	a4,0xe000e
    19e8:	0ff7f793          	zext.b	a5,a5
    19ec:	9736                	add	a4,a4,a3
    19ee:	40f70023          	sb	a5,1024(a4) # e000e400 <__global_pointer$+0xc000dbb8>
    19f2:	4705                	li	a4,1
    19f4:	0056d793          	srli	a5,a3,0x5
    19f8:	00d71733          	sll	a4,a4,a3
    19fc:	4154                	lw	a3,4(a0)
    19fe:	ce89                	beqz	a3,1a18 <NVIC_Init+0x4e>
    1a00:	04078793          	addi	a5,a5,64
    1a04:	078a                	slli	a5,a5,0x2
    1a06:	e000e6b7          	lui	a3,0xe000e
    1a0a:	97b6                	add	a5,a5,a3
    1a0c:	c398                	sw	a4,0(a5)
    1a0e:	8082                	ret
    1a10:	f3ed                	bnez	a5,19f2 <NVIC_Init+0x28>
    1a12:	213c                	lbu	a5,2(a0)
    1a14:	079a                	slli	a5,a5,0x6
    1a16:	b7f9                	j	19e4 <NVIC_Init+0x1a>
    1a18:	06078793          	addi	a5,a5,96
    1a1c:	e000e6b7          	lui	a3,0xe000e
    1a20:	078a                	slli	a5,a5,0x2
    1a22:	97b6                	add	a5,a5,a3
    1a24:	c398                	sw	a4,0(a5)
    1a26:	0000100f          	.4byte	0x100f
    1a2a:	8082                	ret

00001a2c <RCC_AdjustHSICalibrationValue>:
    1a2c:	40021737          	lui	a4,0x40021
    1a30:	431c                	lw	a5,0(a4)
    1a32:	050e                	slli	a0,a0,0x3
    1a34:	f077f793          	andi	a5,a5,-249
    1a38:	8d5d                	or	a0,a0,a5
    1a3a:	c308                	sw	a0,0(a4)
    1a3c:	8082                	ret

00001a3e <RCC_ADCCLKConfig>:
    1a3e:	400216b7          	lui	a3,0x40021
    1a42:	42dc                	lw	a5,4(a3)
    1a44:	7741                	lui	a4,0xffff0
    1a46:	7ff70713          	addi	a4,a4,2047 # ffff07ff <__global_pointer$+0xdffeffb7>
    1a4a:	8ff9                	and	a5,a5,a4
    1a4c:	8fc9                	or	a5,a5,a0
    1a4e:	c2dc                	sw	a5,4(a3)
    1a50:	8082                	ret

00001a52 <RCC_GetClocksFreq>:
    1a52:	e4efe2ef          	jal	t0,a0 <__riscv_save_0>
    1a56:	40021737          	lui	a4,0x40021
    1a5a:	435c                	lw	a5,4(a4)
    1a5c:	46a1                	li	a3,8
    1a5e:	842a                	mv	s0,a0
    1a60:	8bb1                	andi	a5,a5,12
    1a62:	06d79f63          	bne	a5,a3,1ae0 <RCC_GetClocksFreq+0x8e>
    1a66:	435c                	lw	a5,4(a4)
    1a68:	02dc77b7          	lui	a5,0x2dc7
    1a6c:	c0078793          	addi	a5,a5,-1024 # 2dc6c00 <_data_lma+0x2dc415c>
    1a70:	c01c                	sw	a5,0(s0)
    1a72:	40021637          	lui	a2,0x40021
    1a76:	4254                	lw	a3,4(a2)
    1a78:	20000737          	lui	a4,0x20000
    1a7c:	03870713          	addi	a4,a4,56 # 20000038 <APBAHBPrescTable>
    1a80:	8291                	srli	a3,a3,0x4
    1a82:	8abd                	andi	a3,a3,15
    1a84:	9736                	add	a4,a4,a3
    1a86:	2308                	lbu	a0,0(a4)
    1a88:	4258                	lw	a4,4(a2)
    1a8a:	0ff57593          	zext.b	a1,a0
    1a8e:	08077713          	andi	a4,a4,128
    1a92:	00a7d533          	srl	a0,a5,a0
    1a96:	e701                	bnez	a4,1a9e <RCC_GetClocksFreq+0x4c>
    1a98:	853e                	mv	a0,a5
    1a9a:	e3afe0ef          	jal	ra,d4 <__hidden___udivsi3>
    1a9e:	c048                	sw	a0,4(s0)
    1aa0:	c408                	sw	a0,8(s0)
    1aa2:	c448                	sw	a0,12(s0)
    1aa4:	400217b7          	lui	a5,0x40021
    1aa8:	43dc                	lw	a5,4(a5)
    1aaa:	468d                	li	a3,3
    1aac:	83ad                	srli	a5,a5,0xb
    1aae:	8bfd                	andi	a5,a5,31
    1ab0:	0037d713          	srli	a4,a5,0x3
    1ab4:	078a                	slli	a5,a5,0x2
    1ab6:	8bf1                	andi	a5,a5,28
    1ab8:	8fd9                	or	a5,a5,a4
    1aba:	0137f613          	andi	a2,a5,19
    1abe:	0037f713          	andi	a4,a5,3
    1ac2:	00c6f463          	bgeu	a3,a2,1aca <RCC_GetClocksFreq+0x78>
    1ac6:	ff478713          	addi	a4,a5,-12 # 40020ff4 <__global_pointer$+0x200207ac>
    1aca:	200007b7          	lui	a5,0x20000
    1ace:	02478793          	addi	a5,a5,36 # 20000024 <ADCPrescTable>
    1ad2:	97ba                	add	a5,a5,a4
    1ad4:	238c                	lbu	a1,0(a5)
    1ad6:	dfefe0ef          	jal	ra,d4 <__hidden___udivsi3>
    1ada:	c808                	sw	a0,16(s0)
    1adc:	dcefe06f          	j	aa <__riscv_restore_0>
    1ae0:	016e37b7          	lui	a5,0x16e3
    1ae4:	60078793          	addi	a5,a5,1536 # 16e3600 <_data_lma+0x16e0b5c>
    1ae8:	b761                	j	1a70 <RCC_GetClocksFreq+0x1e>

00001aea <RCC_AHBPeriphClockCmd>:
    1aea:	c599                	beqz	a1,1af8 <RCC_AHBPeriphClockCmd+0xe>
    1aec:	40021737          	lui	a4,0x40021
    1af0:	4b5c                	lw	a5,20(a4)
    1af2:	8fc9                	or	a5,a5,a0
    1af4:	cb5c                	sw	a5,20(a4)
    1af6:	8082                	ret
    1af8:	400217b7          	lui	a5,0x40021
    1afc:	4bd8                	lw	a4,20(a5)
    1afe:	fff54513          	not	a0,a0
    1b02:	8d79                	and	a0,a0,a4
    1b04:	cbc8                	sw	a0,20(a5)
    1b06:	8082                	ret

00001b08 <RCC_APB2PeriphClockCmd>:
    1b08:	c599                	beqz	a1,1b16 <RCC_APB2PeriphClockCmd+0xe>
    1b0a:	40021737          	lui	a4,0x40021
    1b0e:	4f1c                	lw	a5,24(a4)
    1b10:	8fc9                	or	a5,a5,a0
    1b12:	cf1c                	sw	a5,24(a4)
    1b14:	8082                	ret
    1b16:	400217b7          	lui	a5,0x40021
    1b1a:	4f98                	lw	a4,24(a5)
    1b1c:	fff54513          	not	a0,a0
    1b20:	8d79                	and	a0,a0,a4
    1b22:	cf88                	sw	a0,24(a5)
    1b24:	8082                	ret

00001b26 <RCC_APB1PeriphClockCmd>:
    1b26:	c599                	beqz	a1,1b34 <RCC_APB1PeriphClockCmd+0xe>
    1b28:	40021737          	lui	a4,0x40021
    1b2c:	4f5c                	lw	a5,28(a4)
    1b2e:	8fc9                	or	a5,a5,a0
    1b30:	cf5c                	sw	a5,28(a4)
    1b32:	8082                	ret
    1b34:	400217b7          	lui	a5,0x40021
    1b38:	4fd8                	lw	a4,28(a5)
    1b3a:	fff54513          	not	a0,a0
    1b3e:	8d79                	and	a0,a0,a4
    1b40:	cfc8                	sw	a0,28(a5)
    1b42:	8082                	ret

00001b44 <RCC_APB2PeriphResetCmd>:
    1b44:	c599                	beqz	a1,1b52 <RCC_APB2PeriphResetCmd+0xe>
    1b46:	40021737          	lui	a4,0x40021
    1b4a:	475c                	lw	a5,12(a4)
    1b4c:	8fc9                	or	a5,a5,a0
    1b4e:	c75c                	sw	a5,12(a4)
    1b50:	8082                	ret
    1b52:	400217b7          	lui	a5,0x40021
    1b56:	47d8                	lw	a4,12(a5)
    1b58:	fff54513          	not	a0,a0
    1b5c:	8d79                	and	a0,a0,a4
    1b5e:	c7c8                	sw	a0,12(a5)
    1b60:	8082                	ret

00001b62 <TIM_TimeBaseInit>:
    1b62:	211e                	lhu	a5,0(a0)
    1b64:	40013737          	lui	a4,0x40013
    1b68:	c0070713          	addi	a4,a4,-1024 # 40012c00 <__global_pointer$+0x200123b8>
    1b6c:	07c2                	slli	a5,a5,0x10
    1b6e:	83c1                	srli	a5,a5,0x10
    1b70:	00e50663          	beq	a0,a4,1b7c <TIM_TimeBaseInit+0x1a>
    1b74:	40000737          	lui	a4,0x40000
    1b78:	00e51663          	bne	a0,a4,1b84 <TIM_TimeBaseInit+0x22>
    1b7c:	21ba                	lhu	a4,2(a1)
    1b7e:	f8f7f793          	andi	a5,a5,-113
    1b82:	8fd9                	or	a5,a5,a4
    1b84:	21fa                	lhu	a4,6(a1)
    1b86:	cff7f793          	andi	a5,a5,-769
    1b8a:	07c2                	slli	a5,a5,0x10
    1b8c:	83c1                	srli	a5,a5,0x10
    1b8e:	8fd9                	or	a5,a5,a4
    1b90:	a11e                	sh	a5,0(a0)
    1b92:	21de                	lhu	a5,4(a1)
    1b94:	b55e                	sh	a5,44(a0)
    1b96:	219e                	lhu	a5,0(a1)
    1b98:	b51e                	sh	a5,40(a0)
    1b9a:	400137b7          	lui	a5,0x40013
    1b9e:	c0078793          	addi	a5,a5,-1024 # 40012c00 <__global_pointer$+0x200123b8>
    1ba2:	00f51463          	bne	a0,a5,1baa <TIM_TimeBaseInit+0x48>
    1ba6:	259c                	lbu	a5,8(a1)
    1ba8:	b91e                	sh	a5,48(a0)
    1baa:	4785                	li	a5,1
    1bac:	a95e                	sh	a5,20(a0)
    1bae:	8082                	ret

00001bb0 <TIM_OC2Init>:
    1bb0:	311e                	lhu	a5,32(a0)
    1bb2:	76e5                	lui	a3,0xffff9
    1bb4:	cff68693          	addi	a3,a3,-769 # ffff8cff <__global_pointer$+0xdfff84b7>
    1bb8:	07c2                	slli	a5,a5,0x10
    1bba:	83c1                	srli	a5,a5,0x10
    1bbc:	9bbd                	andi	a5,a5,-17
    1bbe:	07c2                	slli	a5,a5,0x10
    1bc0:	83c1                	srli	a5,a5,0x10
    1bc2:	b11e                	sh	a5,32(a0)
    1bc4:	311e                	lhu	a5,32(a0)
    1bc6:	2152                	lhu	a2,4(a0)
    1bc8:	2d1a                	lhu	a4,24(a0)
    1bca:	0085d303          	lhu	t1,8(a1)
    1bce:	07c2                	slli	a5,a5,0x10
    1bd0:	8f75                	and	a4,a4,a3
    1bd2:	2196                	lhu	a3,0(a1)
    1bd4:	83c1                	srli	a5,a5,0x10
    1bd6:	fdf7f793          	andi	a5,a5,-33
    1bda:	06a2                	slli	a3,a3,0x8
    1bdc:	8f55                	or	a4,a4,a3
    1bde:	21b6                	lhu	a3,2(a1)
    1be0:	0642                	slli	a2,a2,0x10
    1be2:	0742                	slli	a4,a4,0x10
    1be4:	0066e6b3          	or	a3,a3,t1
    1be8:	0692                	slli	a3,a3,0x4
    1bea:	8fd5                	or	a5,a5,a3
    1bec:	400136b7          	lui	a3,0x40013
    1bf0:	07c2                	slli	a5,a5,0x10
    1bf2:	c0068693          	addi	a3,a3,-1024 # 40012c00 <__global_pointer$+0x200123b8>
    1bf6:	8241                	srli	a2,a2,0x10
    1bf8:	8341                	srli	a4,a4,0x10
    1bfa:	83c1                	srli	a5,a5,0x10
    1bfc:	02d51e63          	bne	a0,a3,1c38 <TIM_OC2Init+0x88>
    1c00:	25b6                	lhu	a3,10(a1)
    1c02:	f7f7f793          	andi	a5,a5,-129
    1c06:	00c5d303          	lhu	t1,12(a1)
    1c0a:	0692                	slli	a3,a3,0x4
    1c0c:	8fd5                	or	a5,a5,a3
    1c0e:	21d6                	lhu	a3,4(a1)
    1c10:	07c2                	slli	a5,a5,0x10
    1c12:	83c1                	srli	a5,a5,0x10
    1c14:	0692                	slli	a3,a3,0x4
    1c16:	fbf7f793          	andi	a5,a5,-65
    1c1a:	8fd5                	or	a5,a5,a3
    1c1c:	76fd                	lui	a3,0xfffff
    1c1e:	3ff68693          	addi	a3,a3,1023 # fffff3ff <__global_pointer$+0xdfffebb7>
    1c22:	8ef1                	and	a3,a3,a2
    1c24:	25f2                	lhu	a2,14(a1)
    1c26:	07c2                	slli	a5,a5,0x10
    1c28:	83c1                	srli	a5,a5,0x10
    1c2a:	00666633          	or	a2,a2,t1
    1c2e:	060a                	slli	a2,a2,0x2
    1c30:	8ed1                	or	a3,a3,a2
    1c32:	01069613          	slli	a2,a3,0x10
    1c36:	8241                	srli	a2,a2,0x10
    1c38:	a152                	sh	a2,4(a0)
    1c3a:	ad1a                	sh	a4,24(a0)
    1c3c:	21fa                	lhu	a4,6(a1)
    1c3e:	dd18                	sw	a4,56(a0)
    1c40:	b11e                	sh	a5,32(a0)
    1c42:	8082                	ret

00001c44 <TIM_Cmd>:
    1c44:	211e                	lhu	a5,0(a0)
    1c46:	c589                	beqz	a1,1c50 <TIM_Cmd+0xc>
    1c48:	0017e793          	ori	a5,a5,1
    1c4c:	a11e                	sh	a5,0(a0)
    1c4e:	8082                	ret
    1c50:	07c2                	slli	a5,a5,0x10
    1c52:	83c1                	srli	a5,a5,0x10
    1c54:	9bf9                	andi	a5,a5,-2
    1c56:	07c2                	slli	a5,a5,0x10
    1c58:	83c1                	srli	a5,a5,0x10
    1c5a:	bfcd                	j	1c4c <TIM_Cmd+0x8>

00001c5c <TIM_CtrlPWMOutputs>:
    1c5c:	04455783          	lhu	a5,68(a0)
    1c60:	c591                	beqz	a1,1c6c <TIM_CtrlPWMOutputs+0x10>
    1c62:	6721                	lui	a4,0x8
    1c64:	8fd9                	or	a5,a5,a4
    1c66:	04f51223          	sh	a5,68(a0)
    1c6a:	8082                	ret
    1c6c:	07c6                	slli	a5,a5,0x11
    1c6e:	83c5                	srli	a5,a5,0x11
    1c70:	bfdd                	j	1c66 <TIM_CtrlPWMOutputs+0xa>

00001c72 <TIM_ARRPreloadConfig>:
    1c72:	211e                	lhu	a5,0(a0)
    1c74:	c589                	beqz	a1,1c7e <TIM_ARRPreloadConfig+0xc>
    1c76:	0807e793          	ori	a5,a5,128
    1c7a:	a11e                	sh	a5,0(a0)
    1c7c:	8082                	ret
    1c7e:	07c2                	slli	a5,a5,0x10
    1c80:	83c1                	srli	a5,a5,0x10
    1c82:	f7f7f793          	andi	a5,a5,-129
    1c86:	07c2                	slli	a5,a5,0x10
    1c88:	83c1                	srli	a5,a5,0x10
    1c8a:	bfc5                	j	1c7a <TIM_ARRPreloadConfig+0x8>

00001c8c <TIM_OC2PreloadConfig>:
    1c8c:	2d1e                	lhu	a5,24(a0)
    1c8e:	777d                	lui	a4,0xfffff
    1c90:	7ff70713          	addi	a4,a4,2047 # fffff7ff <__global_pointer$+0xdfffefb7>
    1c94:	8ff9                	and	a5,a5,a4
    1c96:	05a2                	slli	a1,a1,0x8
    1c98:	8fcd                	or	a5,a5,a1
    1c9a:	07c2                	slli	a5,a5,0x10
    1c9c:	83c1                	srli	a5,a5,0x10
    1c9e:	ad1e                	sh	a5,24(a0)
    1ca0:	8082                	ret

00001ca2 <USART_Init>:
    1ca2:	bfefe2ef          	jal	t0,a0 <__riscv_save_0>
    1ca6:	2916                	lhu	a3,16(a0)
    1ca8:	77f5                	lui	a5,0xffffd
    1caa:	17fd                	addi	a5,a5,-1 # ffffcfff <__global_pointer$+0xdfffc7b7>
    1cac:	8efd                	and	a3,a3,a5
    1cae:	21fe                	lhu	a5,6(a1)
    1cb0:	25da                	lhu	a4,12(a1)
    1cb2:	1121                	addi	sp,sp,-24
    1cb4:	8fd5                	or	a5,a5,a3
    1cb6:	a91e                	sh	a5,16(a0)
    1cb8:	2556                	lhu	a3,12(a0)
    1cba:	77fd                	lui	a5,0xfffff
    1cbc:	9f378793          	addi	a5,a5,-1549 # ffffe9f3 <__global_pointer$+0xdfffe1ab>
    1cc0:	8efd                	and	a3,a3,a5
    1cc2:	21de                	lhu	a5,4(a1)
    1cc4:	842a                	mv	s0,a0
    1cc6:	84ae                	mv	s1,a1
    1cc8:	8fd5                	or	a5,a5,a3
    1cca:	2596                	lhu	a3,8(a1)
    1ccc:	8fd5                	or	a5,a5,a3
    1cce:	25b6                	lhu	a3,10(a1)
    1cd0:	8fd5                	or	a5,a5,a3
    1cd2:	a55e                	sh	a5,12(a0)
    1cd4:	295e                	lhu	a5,20(a0)
    1cd6:	07c2                	slli	a5,a5,0x10
    1cd8:	83c1                	srli	a5,a5,0x10
    1cda:	cff7f793          	andi	a5,a5,-769
    1cde:	8fd9                	or	a5,a5,a4
    1ce0:	a95e                	sh	a5,20(a0)
    1ce2:	0048                	addi	a0,sp,4
    1ce4:	d6fff0ef          	jal	ra,1a52 <RCC_GetClocksFreq>
    1ce8:	400147b7          	lui	a5,0x40014
    1cec:	80078793          	addi	a5,a5,-2048 # 40013800 <__global_pointer$+0x20012fb8>
    1cf0:	06f41363          	bne	s0,a5,1d56 <USART_Init+0xb4>
    1cf4:	47c2                	lw	a5,16(sp)
    1cf6:	00179513          	slli	a0,a5,0x1
    1cfa:	245a                	lhu	a4,12(s0)
    1cfc:	953e                	add	a0,a0,a5
    1cfe:	050e                	slli	a0,a0,0x3
    1d00:	953e                	add	a0,a0,a5
    1d02:	01071793          	slli	a5,a4,0x10
    1d06:	87c1                	srai	a5,a5,0x10
    1d08:	408c                	lw	a1,0(s1)
    1d0a:	0407d863          	bgez	a5,1d5a <USART_Init+0xb8>
    1d0e:	0586                	slli	a1,a1,0x1
    1d10:	bc4fe0ef          	jal	ra,d4 <__hidden___udivsi3>
    1d14:	06400593          	li	a1,100
    1d18:	c02a                	sw	a0,0(sp)
    1d1a:	bbafe0ef          	jal	ra,d4 <__hidden___udivsi3>
    1d1e:	4782                	lw	a5,0(sp)
    1d20:	00451493          	slli	s1,a0,0x4
    1d24:	06400593          	li	a1,100
    1d28:	853e                	mv	a0,a5
    1d2a:	bd6fe0ef          	jal	ra,100 <__umodsi3>
    1d2e:	245e                	lhu	a5,12(s0)
    1d30:	07c2                	slli	a5,a5,0x10
    1d32:	87c1                	srai	a5,a5,0x10
    1d34:	0207d563          	bgez	a5,1d5e <USART_Init+0xbc>
    1d38:	050e                	slli	a0,a0,0x3
    1d3a:	06400593          	li	a1,100
    1d3e:	03250513          	addi	a0,a0,50
    1d42:	b92fe0ef          	jal	ra,d4 <__hidden___udivsi3>
    1d46:	891d                	andi	a0,a0,7
    1d48:	8cc9                	or	s1,s1,a0
    1d4a:	04c2                	slli	s1,s1,0x10
    1d4c:	80c1                	srli	s1,s1,0x10
    1d4e:	a406                	sh	s1,8(s0)
    1d50:	0161                	addi	sp,sp,24
    1d52:	b58fe06f          	j	aa <__riscv_restore_0>
    1d56:	47b2                	lw	a5,12(sp)
    1d58:	bf79                	j	1cf6 <USART_Init+0x54>
    1d5a:	058a                	slli	a1,a1,0x2
    1d5c:	bf55                	j	1d10 <USART_Init+0x6e>
    1d5e:	0512                	slli	a0,a0,0x4
    1d60:	06400593          	li	a1,100
    1d64:	03250513          	addi	a0,a0,50
    1d68:	b6cfe0ef          	jal	ra,d4 <__hidden___udivsi3>
    1d6c:	893d                	andi	a0,a0,15
    1d6e:	bfe9                	j	1d48 <USART_Init+0xa6>

00001d70 <USART_Cmd>:
    1d70:	255e                	lhu	a5,12(a0)
    1d72:	c589                	beqz	a1,1d7c <USART_Cmd+0xc>
    1d74:	6709                	lui	a4,0x2
    1d76:	8fd9                	or	a5,a5,a4
    1d78:	a55e                	sh	a5,12(a0)
    1d7a:	8082                	ret
    1d7c:	7779                	lui	a4,0xffffe
    1d7e:	177d                	addi	a4,a4,-1 # ffffdfff <__global_pointer$+0xdfffd7b7>
    1d80:	8ff9                	and	a5,a5,a4
    1d82:	bfdd                	j	1d78 <USART_Cmd+0x8>

00001d84 <USART_DMACmd>:
    1d84:	295e                	lhu	a5,20(a0)
    1d86:	c601                	beqz	a2,1d8e <USART_DMACmd+0xa>
    1d88:	8fcd                	or	a5,a5,a1
    1d8a:	a95e                	sh	a5,20(a0)
    1d8c:	8082                	ret
    1d8e:	fff5c593          	not	a1,a1
    1d92:	8fed                	and	a5,a5,a1
    1d94:	bfdd                	j	1d8a <USART_DMACmd+0x6>

00001d96 <USART_SendData>:
    1d96:	1ff5f593          	andi	a1,a1,511
    1d9a:	a14e                	sh	a1,4(a0)
    1d9c:	8082                	ret

00001d9e <USART_GetFlagStatus>:
    1d9e:	210a                	lhu	a0,0(a0)
    1da0:	8d6d                	and	a0,a0,a1
    1da2:	00a03533          	snez	a0,a0
    1da6:	8082                	ret

00001da8 <_write>:
    1da8:	af8fe2ef          	jal	t0,a0 <__riscv_save_0>
    1dac:	1161                	addi	sp,sp,-8
    1dae:	c22e                	sw	a1,4(sp)
    1db0:	c032                	sw	a2,0(sp)
    1db2:	4401                	li	s0,0
    1db4:	4782                	lw	a5,0(sp)
    1db6:	02f45863          	bge	s0,a5,1de6 <_write+0x3e>
    1dba:	400144b7          	lui	s1,0x40014
    1dbe:	400147b7          	lui	a5,0x40014
    1dc2:	04000593          	li	a1,64
    1dc6:	80078513          	addi	a0,a5,-2048 # 40013800 <__global_pointer$+0x20012fb8>
    1dca:	3fd1                	jal	1d9e <USART_GetFlagStatus>
    1dcc:	d96d                	beqz	a0,1dbe <_write+0x16>
    1dce:	4792                	lw	a5,4(sp)
    1dd0:	80048513          	addi	a0,s1,-2048 # 40013800 <__global_pointer$+0x20012fb8>
    1dd4:	008786b3          	add	a3,a5,s0
    1dd8:	00068583          	lb	a1,0(a3)
    1ddc:	0405                	addi	s0,s0,1 # 40021001 <__global_pointer$+0x200207b9>
    1dde:	05c2                	slli	a1,a1,0x10
    1de0:	81c1                	srli	a1,a1,0x10
    1de2:	3f55                	jal	1d96 <USART_SendData>
    1de4:	bfc1                	j	1db4 <_write+0xc>
    1de6:	4502                	lw	a0,0(sp)
    1de8:	0121                	addi	sp,sp,8
    1dea:	ac0fe06f          	j	aa <__riscv_restore_0>

00001dee <printchar>:
    1dee:	1141                	addi	sp,sp,-16
    1df0:	c606                	sw	ra,12(sp)
    1df2:	c02e                	sw	a1,0(sp)
    1df4:	cd0d                	beqz	a0,1e2e <printchar+0x40>
    1df6:	4118                	lw	a4,0(a0)
    1df8:	87aa                	mv	a5,a0
    1dfa:	c305                	beqz	a4,1e1a <printchar+0x2c>
    1dfc:	4158                	lw	a4,4(a0)
    1dfe:	557d                	li	a0,-1
    1e00:	cb11                	beqz	a4,1e14 <printchar+0x26>
    1e02:	4685                	li	a3,1
    1e04:	00d71b63          	bne	a4,a3,1e1a <printchar+0x2c>
    1e08:	4798                	lw	a4,8(a5)
    1e0a:	00070023          	sb	zero,0(a4)
    1e0e:	0007a223          	sw	zero,4(a5)
    1e12:	4505                	li	a0,1
    1e14:	40b2                	lw	ra,12(sp)
    1e16:	0141                	addi	sp,sp,16
    1e18:	8082                	ret
    1e1a:	4798                	lw	a4,8(a5)
    1e1c:	4682                	lw	a3,0(sp)
    1e1e:	a314                	sb	a3,0(a4)
    1e20:	4798                	lw	a4,8(a5)
    1e22:	0705                	addi	a4,a4,1
    1e24:	c798                	sw	a4,8(a5)
    1e26:	43d8                	lw	a4,4(a5)
    1e28:	177d                	addi	a4,a4,-1
    1e2a:	c3d8                	sw	a4,4(a5)
    1e2c:	b7dd                	j	1e12 <printchar+0x24>
    1e2e:	4605                	li	a2,1
    1e30:	858a                	mv	a1,sp
    1e32:	3f9d                	jal	1da8 <_write>
    1e34:	bff9                	j	1e12 <printchar+0x24>

00001e36 <prints>:
    1e36:	1101                	addi	sp,sp,-32
    1e38:	cc22                	sw	s0,24(sp)
    1e3a:	c22e                	sw	a1,4(sp)
    1e3c:	ce06                	sw	ra,28(sp)
    1e3e:	ca26                	sw	s1,20(sp)
    1e40:	842a                	mv	s0,a0
    1e42:	4781                	li	a5,0
    1e44:	02000593          	li	a1,32
    1e48:	02064563          	bltz	a2,1e72 <prints+0x3c>
    1e4c:	4592                	lw	a1,4(sp)
    1e4e:	95be                	add	a1,a1,a5
    1e50:	00058583          	lb	a1,0(a1)
    1e54:	e58d                	bnez	a1,1e7e <prints+0x48>
    1e56:	02c7d863          	bge	a5,a2,1e86 <prints+0x50>
    1e5a:	02e7d463          	bge	a5,a4,1e82 <prints+0x4c>
    1e5e:	8e19                	sub	a2,a2,a4
    1e60:	02000513          	li	a0,32
    1e64:	0026f593          	andi	a1,a3,2
    1e68:	c02a                	sw	a0,0(sp)
    1e6a:	c589                	beqz	a1,1e74 <prints+0x3e>
    1e6c:	e701                	bnez	a4,1e74 <prints+0x3e>
    1e6e:	03000593          	li	a1,48
    1e72:	c02e                	sw	a1,0(sp)
    1e74:	8a85                	andi	a3,a3,1
    1e76:	4481                	li	s1,0
    1e78:	ea95                	bnez	a3,1eac <prints+0x76>
    1e7a:	84b2                	mv	s1,a2
    1e7c:	a00d                	j	1e9e <prints+0x68>
    1e7e:	0785                	addi	a5,a5,1
    1e80:	b7f1                	j	1e4c <prints+0x16>
    1e82:	8e1d                	sub	a2,a2,a5
    1e84:	bff1                	j	1e60 <prints+0x2a>
    1e86:	4601                	li	a2,0
    1e88:	bfe1                	j	1e60 <prints+0x2a>
    1e8a:	4582                	lw	a1,0(sp)
    1e8c:	8522                	mv	a0,s0
    1e8e:	c83a                	sw	a4,16(sp)
    1e90:	c632                	sw	a2,12(sp)
    1e92:	c43e                	sw	a5,8(sp)
    1e94:	3fa9                	jal	1dee <printchar>
    1e96:	47a2                	lw	a5,8(sp)
    1e98:	4632                	lw	a2,12(sp)
    1e9a:	4742                	lw	a4,16(sp)
    1e9c:	14fd                	addi	s1,s1,-1
    1e9e:	fe9046e3          	bgtz	s1,1e8a <prints+0x54>
    1ea2:	84b2                	mv	s1,a2
    1ea4:	00065363          	bgez	a2,1eaa <prints+0x74>
    1ea8:	4481                	li	s1,0
    1eaa:	8e05                	sub	a2,a2,s1
    1eac:	02e7c763          	blt	a5,a4,1eda <prints+0xa4>
    1eb0:	87a6                	mv	a5,s1
    1eb2:	4692                	lw	a3,4(sp)
    1eb4:	40978733          	sub	a4,a5,s1
    1eb8:	9736                	add	a4,a4,a3
    1eba:	00070583          	lb	a1,0(a4)
    1ebe:	ed95                	bnez	a1,1efa <prints+0xc4>
    1ec0:	84b2                	mv	s1,a2
    1ec2:	04904463          	bgtz	s1,1f0a <prints+0xd4>
    1ec6:	00065363          	bgez	a2,1ecc <prints+0x96>
    1eca:	4601                	li	a2,0
    1ecc:	40f2                	lw	ra,28(sp)
    1ece:	4462                	lw	s0,24(sp)
    1ed0:	44d2                	lw	s1,20(sp)
    1ed2:	00f60533          	add	a0,a2,a5
    1ed6:	6105                	addi	sp,sp,32
    1ed8:	8082                	ret
    1eda:	8f1d                	sub	a4,a4,a5
    1edc:	87ba                	mv	a5,a4
    1ede:	03000593          	li	a1,48
    1ee2:	8522                	mv	a0,s0
    1ee4:	c832                	sw	a2,16(sp)
    1ee6:	c63e                	sw	a5,12(sp)
    1ee8:	c43a                	sw	a4,8(sp)
    1eea:	3711                	jal	1dee <printchar>
    1eec:	47b2                	lw	a5,12(sp)
    1eee:	4722                	lw	a4,8(sp)
    1ef0:	4642                	lw	a2,16(sp)
    1ef2:	17fd                	addi	a5,a5,-1
    1ef4:	f7ed                	bnez	a5,1ede <prints+0xa8>
    1ef6:	94ba                	add	s1,s1,a4
    1ef8:	bf65                	j	1eb0 <prints+0x7a>
    1efa:	8522                	mv	a0,s0
    1efc:	c632                	sw	a2,12(sp)
    1efe:	c43e                	sw	a5,8(sp)
    1f00:	35fd                	jal	1dee <printchar>
    1f02:	47a2                	lw	a5,8(sp)
    1f04:	4632                	lw	a2,12(sp)
    1f06:	0785                	addi	a5,a5,1
    1f08:	b76d                	j	1eb2 <prints+0x7c>
    1f0a:	4582                	lw	a1,0(sp)
    1f0c:	8522                	mv	a0,s0
    1f0e:	c432                	sw	a2,8(sp)
    1f10:	c23e                	sw	a5,4(sp)
    1f12:	3df1                	jal	1dee <printchar>
    1f14:	14fd                	addi	s1,s1,-1
    1f16:	4622                	lw	a2,8(sp)
    1f18:	4792                	lw	a5,4(sp)
    1f1a:	b765                	j	1ec2 <prints+0x8c>

00001f1c <printInt>:
    1f1c:	7139                	addi	sp,sp,-64
    1f1e:	de06                	sw	ra,60(sp)
    1f20:	dc22                	sw	s0,56(sp)
    1f22:	da26                	sw	s1,52(sp)
    1f24:	c23e                	sw	a5,4(sp)
    1f26:	8332                	mv	t1,a2
    1f28:	863a                	mv	a2,a4
    1f2a:	ed89                	bnez	a1,1f44 <printInt+0x28>
    1f2c:	4692                	lw	a3,4(sp)
    1f2e:	03000793          	li	a5,48
    1f32:	4701                	li	a4,0
    1f34:	086c                	addi	a1,sp,28
    1f36:	86fc                	sh	a5,28(sp)
    1f38:	3dfd                	jal	1e36 <prints>
    1f3a:	50f2                	lw	ra,60(sp)
    1f3c:	5462                	lw	s0,56(sp)
    1f3e:	54d2                	lw	s1,52(sp)
    1f40:	6121                	addi	sp,sp,64
    1f42:	8082                	ret
    1f44:	84aa                	mv	s1,a0
    1f46:	8436                	mv	s0,a3
    1f48:	87ae                	mv	a5,a1
    1f4a:	ca91                	beqz	a3,1f5e <printInt+0x42>
    1f4c:	4729                	li	a4,10
    1f4e:	4401                	li	s0,0
    1f50:	00e31763          	bne	t1,a4,1f5e <printInt+0x42>
    1f54:	0005d563          	bgez	a1,1f5e <printInt+0x42>
    1f58:	40b007b3          	neg	a5,a1
    1f5c:	4405                	li	s0,1
    1f5e:	4686                	lw	a3,64(sp)
    1f60:	020109a3          	sb	zero,51(sp)
    1f64:	03310713          	addi	a4,sp,51
    1f68:	fc668693          	addi	a3,a3,-58
    1f6c:	c436                	sw	a3,8(sp)
    1f6e:	859a                	mv	a1,t1
    1f70:	853e                	mv	a0,a5
    1f72:	ca32                	sw	a2,20(sp)
    1f74:	c83a                	sw	a4,16(sp)
    1f76:	c61a                	sw	t1,12(sp)
    1f78:	c03e                	sw	a5,0(sp)
    1f7a:	986fe0ef          	jal	ra,100 <__umodsi3>
    1f7e:	46a5                	li	a3,9
    1f80:	4782                	lw	a5,0(sp)
    1f82:	4332                	lw	t1,12(sp)
    1f84:	4742                	lw	a4,16(sp)
    1f86:	4652                	lw	a2,20(sp)
    1f88:	00a6d463          	bge	a3,a0,1f90 <printInt+0x74>
    1f8c:	46a2                	lw	a3,8(sp)
    1f8e:	9536                	add	a0,a0,a3
    1f90:	03050513          	addi	a0,a0,48
    1f94:	fff70693          	addi	a3,a4,-1
    1f98:	fea70fa3          	sb	a0,-1(a4)
    1f9c:	859a                	mv	a1,t1
    1f9e:	853e                	mv	a0,a5
    1fa0:	cc32                	sw	a2,24(sp)
    1fa2:	ca3a                	sw	a4,20(sp)
    1fa4:	c81a                	sw	t1,16(sp)
    1fa6:	c63e                	sw	a5,12(sp)
    1fa8:	c036                	sw	a3,0(sp)
    1faa:	92afe0ef          	jal	ra,d4 <__hidden___udivsi3>
    1fae:	47b2                	lw	a5,12(sp)
    1fb0:	4342                	lw	t1,16(sp)
    1fb2:	4752                	lw	a4,20(sp)
    1fb4:	4662                	lw	a2,24(sp)
    1fb6:	0467fd63          	bgeu	a5,t1,2010 <printInt+0xf4>
    1fba:	cc09                	beqz	s0,1fd4 <printInt+0xb8>
    1fbc:	ce29                	beqz	a2,2016 <printInt+0xfa>
    1fbe:	4792                	lw	a5,4(sp)
    1fc0:	8b89                	andi	a5,a5,2
    1fc2:	cbb1                	beqz	a5,2016 <printInt+0xfa>
    1fc4:	02d00593          	li	a1,45
    1fc8:	8526                	mv	a0,s1
    1fca:	c432                	sw	a2,8(sp)
    1fcc:	e23ff0ef          	jal	ra,1dee <printchar>
    1fd0:	4622                	lw	a2,8(sp)
    1fd2:	167d                	addi	a2,a2,-1 # 40020fff <__global_pointer$+0x200207b7>
    1fd4:	4792                	lw	a5,4(sp)
    1fd6:	8b91                	andi	a5,a5,4
    1fd8:	c785                	beqz	a5,2000 <printInt+0xe4>
    1fda:	4706                	lw	a4,64(sp)
    1fdc:	06100793          	li	a5,97
    1fe0:	c432                	sw	a2,8(sp)
    1fe2:	03000593          	li	a1,48
    1fe6:	8526                	mv	a0,s1
    1fe8:	04f71163          	bne	a4,a5,202a <printInt+0x10e>
    1fec:	e03ff0ef          	jal	ra,1dee <printchar>
    1ff0:	07800593          	li	a1,120
    1ff4:	8526                	mv	a0,s1
    1ff6:	df9ff0ef          	jal	ra,1dee <printchar>
    1ffa:	4622                	lw	a2,8(sp)
    1ffc:	0409                	addi	s0,s0,2
    1ffe:	1679                	addi	a2,a2,-2
    2000:	4716                	lw	a4,68(sp)
    2002:	4692                	lw	a3,4(sp)
    2004:	4582                	lw	a1,0(sp)
    2006:	8526                	mv	a0,s1
    2008:	e2fff0ef          	jal	ra,1e36 <prints>
    200c:	9522                	add	a0,a0,s0
    200e:	b735                	j	1f3a <printInt+0x1e>
    2010:	87aa                	mv	a5,a0
    2012:	4702                	lw	a4,0(sp)
    2014:	bfa9                	j	1f6e <printInt+0x52>
    2016:	4682                	lw	a3,0(sp)
    2018:	02d00793          	li	a5,45
    201c:	4401                	li	s0,0
    201e:	fef68fa3          	sb	a5,-1(a3)
    2022:	ffe70793          	addi	a5,a4,-2
    2026:	c03e                	sw	a5,0(sp)
    2028:	b775                	j	1fd4 <printInt+0xb8>
    202a:	dc5ff0ef          	jal	ra,1dee <printchar>
    202e:	05800593          	li	a1,88
    2032:	b7c9                	j	1ff4 <printInt+0xd8>

00002034 <printLongLongInt>:
    2034:	4501                	li	a0,0
    2036:	8082                	ret

00002038 <printDouble>:
    2038:	4501                	li	a0,0
    203a:	8082                	ret

0000203c <print>:
    203c:	fd810113          	addi	sp,sp,-40
    2040:	d022                	sw	s0,32(sp)
    2042:	ce26                	sw	s1,28(sp)
    2044:	d206                	sw	ra,36(sp)
    2046:	c42a                	sw	a0,8(sp)
    2048:	82ae                	mv	t0,a1
    204a:	8432                	mv	s0,a2
    204c:	c602                	sw	zero,12(sp)
    204e:	4481                	li	s1,0
    2050:	00028583          	lb	a1,0(t0)
    2054:	ed91                	bnez	a1,2070 <print+0x34>
    2056:	47a2                	lw	a5,8(sp)
    2058:	c789                	beqz	a5,2062 <print+0x26>
    205a:	4581                	li	a1,0
    205c:	853e                	mv	a0,a5
    205e:	d91ff0ef          	jal	ra,1dee <printchar>
    2062:	5092                	lw	ra,36(sp)
    2064:	5402                	lw	s0,32(sp)
    2066:	8526                	mv	a0,s1
    2068:	44f2                	lw	s1,28(sp)
    206a:	02810113          	addi	sp,sp,40
    206e:	8082                	ret
    2070:	02500793          	li	a5,37
    2074:	00f58963          	beq	a1,a5,2086 <print+0x4a>
    2078:	4522                	lw	a0,8(sp)
    207a:	c816                	sw	t0,16(sp)
    207c:	0485                	addi	s1,s1,1
    207e:	d71ff0ef          	jal	ra,1dee <printchar>
    2082:	42c2                	lw	t0,16(sp)
    2084:	a005                	j	20a4 <print+0x68>
    2086:	00128783          	lb	a5,1(t0)
    208a:	00128713          	addi	a4,t0,1
    208e:	00b79d63          	bne	a5,a1,20a8 <print+0x6c>
    2092:	4522                	lw	a0,8(sp)
    2094:	02500593          	li	a1,37
    2098:	c83a                	sw	a4,16(sp)
    209a:	d55ff0ef          	jal	ra,1dee <printchar>
    209e:	4742                	lw	a4,16(sp)
    20a0:	0485                	addi	s1,s1,1
    20a2:	82ba                	mv	t0,a4
    20a4:	0285                	addi	t0,t0,1
    20a6:	b76d                	j	2050 <print+0x14>
    20a8:	d7dd                	beqz	a5,2056 <print+0x1a>
    20aa:	02b00693          	li	a3,43
    20ae:	04d78963          	beq	a5,a3,2100 <print+0xc4>
    20b2:	00f6c863          	blt	a3,a5,20c2 <print+0x86>
    20b6:	02300693          	li	a3,35
    20ba:	04d78663          	beq	a5,a3,2106 <print+0xca>
    20be:	4781                	li	a5,0
    20c0:	a005                	j	20e0 <print+0xa4>
    20c2:	02d00693          	li	a3,45
    20c6:	00d78a63          	beq	a5,a3,20da <print+0x9e>
    20ca:	03000693          	li	a3,48
    20ce:	fed798e3          	bne	a5,a3,20be <print+0x82>
    20d2:	00228713          	addi	a4,t0,2
    20d6:	4789                	li	a5,2
    20d8:	a021                	j	20e0 <print+0xa4>
    20da:	00228713          	addi	a4,t0,2
    20de:	4785                	li	a5,1
    20e0:	00070683          	lb	a3,0(a4)
    20e4:	02b00613          	li	a2,43
    20e8:	04c68363          	beq	a3,a2,212e <print+0xf2>
    20ec:	02d64163          	blt	a2,a3,210e <print+0xd2>
    20f0:	02300613          	li	a2,35
    20f4:	02c68b63          	beq	a3,a2,212a <print+0xee>
    20f8:	82ba                	mv	t0,a4
    20fa:	4501                	li	a0,0
    20fc:	46a5                	li	a3,9
    20fe:	a081                	j	213e <print+0x102>
    2100:	00228713          	addi	a4,t0,2
    2104:	bf6d                	j	20be <print+0x82>
    2106:	00228713          	addi	a4,t0,2
    210a:	4791                	li	a5,4
    210c:	bfd1                	j	20e0 <print+0xa4>
    210e:	02d00613          	li	a2,45
    2112:	00c68963          	beq	a3,a2,2124 <print+0xe8>
    2116:	03000613          	li	a2,48
    211a:	fcc69fe3          	bne	a3,a2,20f8 <print+0xbc>
    211e:	0027e793          	ori	a5,a5,2
    2122:	a031                	j	212e <print+0xf2>
    2124:	0705                	addi	a4,a4,1
    2126:	4785                	li	a5,1
    2128:	bfc1                	j	20f8 <print+0xbc>
    212a:	0047e793          	ori	a5,a5,4
    212e:	0705                	addi	a4,a4,1
    2130:	b7e1                	j	20f8 <print+0xbc>
    2132:	00251613          	slli	a2,a0,0x2
    2136:	9532                	add	a0,a0,a2
    2138:	0506                	slli	a0,a0,0x1
    213a:	953a                	add	a0,a0,a4
    213c:	0285                	addi	t0,t0,1
    213e:	00028603          	lb	a2,0(t0)
    2142:	fd060713          	addi	a4,a2,-48
    2146:	0ff77593          	zext.b	a1,a4
    214a:	feb6f4e3          	bgeu	a3,a1,2132 <print+0xf6>
    214e:	02e00713          	li	a4,46
    2152:	4699                	li	a3,6
    2154:	00e61e63          	bne	a2,a4,2170 <print+0x134>
    2158:	0285                	addi	t0,t0,1
    215a:	4681                	li	a3,0
    215c:	45a5                	li	a1,9
    215e:	00028603          	lb	a2,0(t0)
    2162:	fd060613          	addi	a2,a2,-48
    2166:	0ff67713          	zext.b	a4,a2
    216a:	02e5f563          	bgeu	a1,a4,2194 <print+0x158>
    216e:	c636                	sw	a3,12(sp)
    2170:	00028703          	lb	a4,0(t0)
    2174:	06a00613          	li	a2,106
    2178:	0ac70d63          	beq	a4,a2,2232 <print+0x1f6>
    217c:	02e64363          	blt	a2,a4,21a2 <print+0x166>
    2180:	04c00613          	li	a2,76
    2184:	0ac70763          	beq	a4,a2,2232 <print+0x1f6>
    2188:	06800613          	li	a2,104
    218c:	08c70c63          	beq	a4,a2,2224 <print+0x1e8>
    2190:	4581                	li	a1,0
    2192:	a82d                	j	21cc <print+0x190>
    2194:	00269713          	slli	a4,a3,0x2
    2198:	96ba                	add	a3,a3,a4
    219a:	0686                	slli	a3,a3,0x1
    219c:	96b2                	add	a3,a3,a2
    219e:	0285                	addi	t0,t0,1
    21a0:	bf7d                	j	215e <print+0x122>
    21a2:	07400613          	li	a2,116
    21a6:	08c70663          	beq	a4,a2,2232 <print+0x1f6>
    21aa:	07a00613          	li	a2,122
    21ae:	08c70263          	beq	a4,a2,2232 <print+0x1f6>
    21b2:	06c00613          	li	a2,108
    21b6:	4581                	li	a1,0
    21b8:	00c71a63          	bne	a4,a2,21cc <print+0x190>
    21bc:	00128603          	lb	a2,1(t0)
    21c0:	458d                	li	a1,3
    21c2:	00e61463          	bne	a2,a4,21ca <print+0x18e>
    21c6:	0285                	addi	t0,t0,1
    21c8:	4591                	li	a1,4
    21ca:	0285                	addi	t0,t0,1
    21cc:	00028603          	lb	a2,0(t0)
    21d0:	06000393          	li	t2,96
    21d4:	06100713          	li	a4,97
    21d8:	00c3c463          	blt	t2,a2,21e0 <print+0x1a4>
    21dc:	04100713          	li	a4,65
    21e0:	06700393          	li	t2,103
    21e4:	06c3c463          	blt	t2,a2,224c <print+0x210>
    21e8:	06500393          	li	t2,101
    21ec:	18765563          	bge	a2,t2,2376 <print+0x33a>
    21f0:	04700393          	li	t2,71
    21f4:	04c3c163          	blt	t2,a2,2236 <print+0x1fa>
    21f8:	04500593          	li	a1,69
    21fc:	16b65d63          	bge	a2,a1,2376 <print+0x33a>
    2200:	04300713          	li	a4,67
    2204:	eae610e3          	bne	a2,a4,20a4 <print+0x68>
    2208:	4018                	lw	a4,0(s0)
    220a:	00440393          	addi	t2,s0,4
    220e:	ca16                	sw	t0,20(sp)
    2210:	00e10c23          	sb	a4,24(sp)
    2214:	c81e                	sw	t2,16(sp)
    2216:	00010ca3          	sb	zero,25(sp)
    221a:	4701                	li	a4,0
    221c:	86be                	mv	a3,a5
    221e:	862a                	mv	a2,a0
    2220:	082c                	addi	a1,sp,24
    2222:	a841                	j	22b2 <print+0x276>
    2224:	00128603          	lb	a2,1(t0)
    2228:	4581                	li	a1,0
    222a:	fae611e3          	bne	a2,a4,21cc <print+0x190>
    222e:	0289                	addi	t0,t0,2
    2230:	bf71                	j	21cc <print+0x190>
    2232:	0285                	addi	t0,t0,1
    2234:	bfb1                	j	2190 <print+0x154>
    2236:	06300693          	li	a3,99
    223a:	fcd607e3          	beq	a2,a3,2208 <print+0x1cc>
    223e:	06c6ce63          	blt	a3,a2,22ba <print+0x27e>
    2242:	05800693          	li	a3,88
    2246:	02d60363          	beq	a2,a3,226c <print+0x230>
    224a:	bda9                	j	20a4 <print+0x68>
    224c:	07300693          	li	a3,115
    2250:	04d60463          	beq	a2,a3,2298 <print+0x25c>
    2254:	02c6cb63          	blt	a3,a2,228a <print+0x24e>
    2258:	06f00693          	li	a3,111
    225c:	0ed60463          	beq	a2,a3,2344 <print+0x308>
    2260:	07000693          	li	a3,112
    2264:	0047e793          	ori	a5,a5,4
    2268:	e2d61ee3          	bne	a2,a3,20a4 <print+0x68>
    226c:	4691                	li	a3,4
    226e:	0cd59163          	bne	a1,a3,2330 <print+0x2f4>
    2272:	00840393          	addi	t2,s0,8
    2276:	400c                	lw	a1,0(s0)
    2278:	4050                	lw	a2,4(s0)
    227a:	ca16                	sw	t0,20(sp)
    227c:	c23a                	sw	a4,4(sp)
    227e:	c03e                	sw	a5,0(sp)
    2280:	c81e                	sw	t2,16(sp)
    2282:	87aa                	mv	a5,a0
    2284:	4701                	li	a4,0
    2286:	46c1                	li	a3,16
    2288:	a0b9                	j	22d6 <print+0x29a>
    228a:	07500693          	li	a3,117
    228e:	06d60a63          	beq	a2,a3,2302 <print+0x2c6>
    2292:	07800693          	li	a3,120
    2296:	bf45                	j	2246 <print+0x20a>
    2298:	4018                	lw	a4,0(s0)
    229a:	668d                	lui	a3,0x3
    229c:	00440393          	addi	t2,s0,4
    22a0:	99c68593          	addi	a1,a3,-1636 # 299c <PWM_Enable_Table+0x20>
    22a4:	c311                	beqz	a4,22a8 <print+0x26c>
    22a6:	85ba                	mv	a1,a4
    22a8:	4732                	lw	a4,12(sp)
    22aa:	ca16                	sw	t0,20(sp)
    22ac:	c81e                	sw	t2,16(sp)
    22ae:	86be                	mv	a3,a5
    22b0:	862a                	mv	a2,a0
    22b2:	4522                	lw	a0,8(sp)
    22b4:	b83ff0ef          	jal	ra,1e36 <prints>
    22b8:	a015                	j	22dc <print+0x2a0>
    22ba:	4691                	li	a3,4
    22bc:	02d59563          	bne	a1,a3,22e6 <print+0x2aa>
    22c0:	00840393          	addi	t2,s0,8
    22c4:	400c                	lw	a1,0(s0)
    22c6:	4050                	lw	a2,4(s0)
    22c8:	ca16                	sw	t0,20(sp)
    22ca:	c23a                	sw	a4,4(sp)
    22cc:	c03e                	sw	a5,0(sp)
    22ce:	c81e                	sw	t2,16(sp)
    22d0:	87aa                	mv	a5,a0
    22d2:	4705                	li	a4,1
    22d4:	46a9                	li	a3,10
    22d6:	4522                	lw	a0,8(sp)
    22d8:	d5dff0ef          	jal	ra,2034 <printLongLongInt>
    22dc:	43c2                	lw	t2,16(sp)
    22de:	94aa                	add	s1,s1,a0
    22e0:	841e                	mv	s0,t2
    22e2:	42d2                	lw	t0,20(sp)
    22e4:	b3c1                	j	20a4 <print+0x68>
    22e6:	46b2                	lw	a3,12(sp)
    22e8:	400c                	lw	a1,0(s0)
    22ea:	c816                	sw	t0,16(sp)
    22ec:	c236                	sw	a3,4(sp)
    22ee:	c03a                	sw	a4,0(sp)
    22f0:	0411                	addi	s0,s0,4
    22f2:	872a                	mv	a4,a0
    22f4:	4685                	li	a3,1
    22f6:	4629                	li	a2,10
    22f8:	4522                	lw	a0,8(sp)
    22fa:	c23ff0ef          	jal	ra,1f1c <printInt>
    22fe:	94aa                	add	s1,s1,a0
    2300:	b349                	j	2082 <print+0x46>
    2302:	4691                	li	a3,4
    2304:	00d59d63          	bne	a1,a3,231e <print+0x2e2>
    2308:	00840393          	addi	t2,s0,8
    230c:	400c                	lw	a1,0(s0)
    230e:	4050                	lw	a2,4(s0)
    2310:	ca16                	sw	t0,20(sp)
    2312:	c23a                	sw	a4,4(sp)
    2314:	c03e                	sw	a5,0(sp)
    2316:	c81e                	sw	t2,16(sp)
    2318:	87aa                	mv	a5,a0
    231a:	4701                	li	a4,0
    231c:	bf65                	j	22d4 <print+0x298>
    231e:	46b2                	lw	a3,12(sp)
    2320:	400c                	lw	a1,0(s0)
    2322:	c816                	sw	t0,16(sp)
    2324:	c236                	sw	a3,4(sp)
    2326:	c03a                	sw	a4,0(sp)
    2328:	0411                	addi	s0,s0,4
    232a:	872a                	mv	a4,a0
    232c:	4681                	li	a3,0
    232e:	b7e1                	j	22f6 <print+0x2ba>
    2330:	46b2                	lw	a3,12(sp)
    2332:	c816                	sw	t0,16(sp)
    2334:	400c                	lw	a1,0(s0)
    2336:	4641                	li	a2,16
    2338:	c236                	sw	a3,4(sp)
    233a:	c03a                	sw	a4,0(sp)
    233c:	0411                	addi	s0,s0,4
    233e:	872a                	mv	a4,a0
    2340:	4681                	li	a3,0
    2342:	bf5d                	j	22f8 <print+0x2bc>
    2344:	4691                	li	a3,4
    2346:	00d59e63          	bne	a1,a3,2362 <print+0x326>
    234a:	00840393          	addi	t2,s0,8
    234e:	400c                	lw	a1,0(s0)
    2350:	4050                	lw	a2,4(s0)
    2352:	ca16                	sw	t0,20(sp)
    2354:	c23a                	sw	a4,4(sp)
    2356:	c03e                	sw	a5,0(sp)
    2358:	c81e                	sw	t2,16(sp)
    235a:	87aa                	mv	a5,a0
    235c:	4701                	li	a4,0
    235e:	46a1                	li	a3,8
    2360:	bf9d                	j	22d6 <print+0x29a>
    2362:	46b2                	lw	a3,12(sp)
    2364:	400c                	lw	a1,0(s0)
    2366:	c816                	sw	t0,16(sp)
    2368:	c236                	sw	a3,4(sp)
    236a:	c03a                	sw	a4,0(sp)
    236c:	0411                	addi	s0,s0,4
    236e:	872a                	mv	a4,a0
    2370:	4681                	li	a3,0
    2372:	4621                	li	a2,8
    2374:	b751                	j	22f8 <print+0x2bc>
    2376:	400c                	lw	a1,0(s0)
    2378:	00840613          	addi	a2,s0,8
    237c:	4040                	lw	s0,4(s0)
    237e:	c23a                	sw	a4,4(sp)
    2380:	872a                	mv	a4,a0
    2382:	4522                	lw	a0,8(sp)
    2384:	c832                	sw	a2,16(sp)
    2386:	c03e                	sw	a5,0(sp)
    2388:	8622                	mv	a2,s0
    238a:	87b6                	mv	a5,a3
    238c:	46a9                	li	a3,10
    238e:	ca16                	sw	t0,20(sp)
    2390:	ca9ff0ef          	jal	ra,2038 <printDouble>
    2394:	94aa                	add	s1,s1,a0
    2396:	4442                	lw	s0,16(sp)
    2398:	b7a9                	j	22e2 <print+0x2a6>

0000239a <sprintf>:
    239a:	fd410113          	addi	sp,sp,-44
    239e:	ce32                	sw	a2,28(sp)
    23a0:	d43e                	sw	a5,40(sp)
    23a2:	c62a                	sw	a0,12(sp)
    23a4:	0870                	addi	a2,sp,28
    23a6:	57fd                	li	a5,-1
    23a8:	0048                	addi	a0,sp,4
    23aa:	cc06                	sw	ra,24(sp)
    23ac:	d036                	sw	a3,32(sp)
    23ae:	d23a                	sw	a4,36(sp)
    23b0:	c202                	sw	zero,4(sp)
    23b2:	c43e                	sw	a5,8(sp)
    23b4:	c032                	sw	a2,0(sp)
    23b6:	c87ff0ef          	jal	ra,203c <print>
    23ba:	40e2                	lw	ra,24(sp)
    23bc:	02c10113          	addi	sp,sp,44
    23c0:	8082                	ret

000023c2 <__divdi3>:
    23c2:	7179                	addi	sp,sp,-48
    23c4:	d606                	sw	ra,44(sp)
    23c6:	d422                	sw	s0,40(sp)
    23c8:	d226                	sw	s1,36(sp)
    23ca:	c002                	sw	zero,0(sp)
    23cc:	872a                	mv	a4,a0
    23ce:	1205ce63          	bltz	a1,250a <__divdi3+0x148>
    23d2:	0006dd63          	bgez	a3,23ec <__divdi3+0x2a>
    23d6:	4502                	lw	a0,0(sp)
    23d8:	00c037b3          	snez	a5,a2
    23dc:	40d006b3          	neg	a3,a3
    23e0:	fff54513          	not	a0,a0
    23e4:	c02a                	sw	a0,0(sp)
    23e6:	8e9d                	sub	a3,a3,a5
    23e8:	40c00633          	neg	a2,a2
    23ec:	84b2                	mv	s1,a2
    23ee:	843a                	mv	s0,a4
    23f0:	82ae                	mv	t0,a1
    23f2:	0e069963          	bnez	a3,24e4 <__divdi3+0x122>
    23f6:	16c5f763          	bgeu	a1,a2,2564 <__divdi3+0x1a2>
    23fa:	66c1                	lui	a3,0x10
    23fc:	24d66363          	bltu	a2,a3,2642 <__divdi3+0x280>
    2400:	010006b7          	lui	a3,0x1000
    2404:	00d636b3          	sltu	a3,a2,a3
    2408:	40d006b3          	neg	a3,a3
    240c:	9ae1                	andi	a3,a3,-8
    240e:	06e1                	addi	a3,a3,24 # 1000018 <_data_lma+0xffd574>
    2410:	00d653b3          	srl	t2,a2,a3
    2414:	00000517          	auipc	a0,0x0
    2418:	59050513          	addi	a0,a0,1424 # 29a4 <__clz_tab>
    241c:	951e                	add	a0,a0,t2
    241e:	2108                	lbu	a0,0(a0)
    2420:	02000393          	li	t2,32
    2424:	96aa                	add	a3,a3,a0
    2426:	40d38533          	sub	a0,t2,a3
    242a:	00d38c63          	beq	t2,a3,2442 <__divdi3+0x80>
    242e:	00a592b3          	sll	t0,a1,a0
    2432:	00d756b3          	srl	a3,a4,a3
    2436:	00a614b3          	sll	s1,a2,a0
    243a:	0056e2b3          	or	t0,a3,t0
    243e:	00a71433          	sll	s0,a4,a0
    2442:	0104d793          	srli	a5,s1,0x10
    2446:	85be                	mv	a1,a5
    2448:	8516                	mv	a0,t0
    244a:	c23e                	sw	a5,4(sp)
    244c:	c816                	sw	t0,16(sp)
    244e:	c87fd0ef          	jal	ra,d4 <__hidden___udivsi3>
    2452:	01049713          	slli	a4,s1,0x10
    2456:	8341                	srli	a4,a4,0x10
    2458:	85aa                	mv	a1,a0
    245a:	c42a                	sw	a0,8(sp)
    245c:	853a                	mv	a0,a4
    245e:	c63a                	sw	a4,12(sp)
    2460:	c55fd0ef          	jal	ra,b4 <__mulsi3>
    2464:	42c2                	lw	t0,16(sp)
    2466:	4592                	lw	a1,4(sp)
    2468:	86aa                	mv	a3,a0
    246a:	8516                	mv	a0,t0
    246c:	c836                	sw	a3,16(sp)
    246e:	c93fd0ef          	jal	ra,100 <__umodsi3>
    2472:	46c2                	lw	a3,16(sp)
    2474:	0542                	slli	a0,a0,0x10
    2476:	01045713          	srli	a4,s0,0x10
    247a:	8f49                	or	a4,a4,a0
    247c:	00d77b63          	bgeu	a4,a3,2492 <__divdi3+0xd0>
    2480:	47a2                	lw	a5,8(sp)
    2482:	9726                	add	a4,a4,s1
    2484:	fff78613          	addi	a2,a5,-1
    2488:	00976463          	bltu	a4,s1,2490 <__divdi3+0xce>
    248c:	42d76763          	bltu	a4,a3,28ba <__divdi3+0x4f8>
    2490:	c432                	sw	a2,8(sp)
    2492:	4592                	lw	a1,4(sp)
    2494:	8f15                	sub	a4,a4,a3
    2496:	853a                	mv	a0,a4
    2498:	ca3a                	sw	a4,20(sp)
    249a:	c3bfd0ef          	jal	ra,d4 <__hidden___udivsi3>
    249e:	85aa                	mv	a1,a0
    24a0:	c82a                	sw	a0,16(sp)
    24a2:	4532                	lw	a0,12(sp)
    24a4:	0442                	slli	s0,s0,0x10
    24a6:	8041                	srli	s0,s0,0x10
    24a8:	c0dfd0ef          	jal	ra,b4 <__mulsi3>
    24ac:	4752                	lw	a4,20(sp)
    24ae:	4592                	lw	a1,4(sp)
    24b0:	862a                	mv	a2,a0
    24b2:	853a                	mv	a0,a4
    24b4:	c232                	sw	a2,4(sp)
    24b6:	c4bfd0ef          	jal	ra,100 <__umodsi3>
    24ba:	4792                	lw	a5,4(sp)
    24bc:	0542                	slli	a0,a0,0x10
    24be:	8c49                	or	s0,s0,a0
    24c0:	46c2                	lw	a3,16(sp)
    24c2:	00f47b63          	bgeu	s0,a5,24d8 <__divdi3+0x116>
    24c6:	9426                	add	s0,s0,s1
    24c8:	fff68713          	addi	a4,a3,-1
    24cc:	00946563          	bltu	s0,s1,24d6 <__divdi3+0x114>
    24d0:	16f9                	addi	a3,a3,-2
    24d2:	00f46363          	bltu	s0,a5,24d8 <__divdi3+0x116>
    24d6:	86ba                	mv	a3,a4
    24d8:	47a2                	lw	a5,8(sp)
    24da:	4701                	li	a4,0
    24dc:	07c2                	slli	a5,a5,0x10
    24de:	00d7e533          	or	a0,a5,a3
    24e2:	a029                	j	24ec <__divdi3+0x12a>
    24e4:	02d5fd63          	bgeu	a1,a3,251e <__divdi3+0x15c>
    24e8:	4701                	li	a4,0
    24ea:	4501                	li	a0,0
    24ec:	4782                	lw	a5,0(sp)
    24ee:	85ba                	mv	a1,a4
    24f0:	cb81                	beqz	a5,2500 <__divdi3+0x13e>
    24f2:	00a037b3          	snez	a5,a0
    24f6:	40e005b3          	neg	a1,a4
    24fa:	8d9d                	sub	a1,a1,a5
    24fc:	40a00533          	neg	a0,a0
    2500:	50b2                	lw	ra,44(sp)
    2502:	5422                	lw	s0,40(sp)
    2504:	5492                	lw	s1,36(sp)
    2506:	6145                	addi	sp,sp,48
    2508:	8082                	ret
    250a:	00a037b3          	snez	a5,a0
    250e:	40b005b3          	neg	a1,a1
    2512:	8d9d                	sub	a1,a1,a5
    2514:	57fd                	li	a5,-1
    2516:	40a00733          	neg	a4,a0
    251a:	c03e                	sw	a5,0(sp)
    251c:	bd5d                	j	23d2 <__divdi3+0x10>
    251e:	67c1                	lui	a5,0x10
    2520:	20f6e863          	bltu	a3,a5,2730 <__divdi3+0x36e>
    2524:	010007b7          	lui	a5,0x1000
    2528:	00f6b7b3          	sltu	a5,a3,a5
    252c:	40f007b3          	neg	a5,a5
    2530:	9be1                	andi	a5,a5,-8
    2532:	07e1                	addi	a5,a5,24 # 1000018 <_data_lma+0xffd574>
    2534:	00f6d2b3          	srl	t0,a3,a5
    2538:	00000517          	auipc	a0,0x0
    253c:	46c50513          	addi	a0,a0,1132 # 29a4 <__clz_tab>
    2540:	9516                	add	a0,a0,t0
    2542:	2108                	lbu	a0,0(a0)
    2544:	02000293          	li	t0,32
    2548:	953e                	add	a0,a0,a5
    254a:	40a287b3          	sub	a5,t0,a0
    254e:	c23e                	sw	a5,4(sp)
    2550:	1ea29663          	bne	t0,a0,273c <__divdi3+0x37a>
    2554:	34b6e463          	bltu	a3,a1,289c <__divdi3+0x4da>
    2558:	00c737b3          	sltu	a5,a4,a2
    255c:	0017c513          	xori	a0,a5,1
    2560:	4701                	li	a4,0
    2562:	b769                	j	24ec <__divdi3+0x12a>
    2564:	0e060563          	beqz	a2,264e <__divdi3+0x28c>
    2568:	66c1                	lui	a3,0x10
    256a:	32d67163          	bgeu	a2,a3,288c <__divdi3+0x4ca>
    256e:	10063513          	sltiu	a0,a2,256
    2572:	00154513          	xori	a0,a0,1
    2576:	050e                	slli	a0,a0,0x3
    2578:	00a652b3          	srl	t0,a2,a0
    257c:	00000697          	auipc	a3,0x0
    2580:	42868693          	addi	a3,a3,1064 # 29a4 <__clz_tab>
    2584:	9696                	add	a3,a3,t0
    2586:	2294                	lbu	a3,0(a3)
    2588:	02000393          	li	t2,32
    258c:	96aa                	add	a3,a3,a0
    258e:	40d382b3          	sub	t0,t2,a3
    2592:	0cd39d63          	bne	t2,a3,266c <__divdi3+0x2aa>
    2596:	01065793          	srli	a5,a2,0x10
    259a:	c23e                	sw	a5,4(sp)
    259c:	01061793          	slli	a5,a2,0x10
    25a0:	83c1                	srli	a5,a5,0x10
    25a2:	40c586b3          	sub	a3,a1,a2
    25a6:	c43e                	sw	a5,8(sp)
    25a8:	4705                	li	a4,1
    25aa:	4592                	lw	a1,4(sp)
    25ac:	8536                	mv	a0,a3
    25ae:	ca3a                	sw	a4,20(sp)
    25b0:	c836                	sw	a3,16(sp)
    25b2:	b23fd0ef          	jal	ra,d4 <__hidden___udivsi3>
    25b6:	45a2                	lw	a1,8(sp)
    25b8:	c62a                	sw	a0,12(sp)
    25ba:	afbfd0ef          	jal	ra,b4 <__mulsi3>
    25be:	46c2                	lw	a3,16(sp)
    25c0:	4592                	lw	a1,4(sp)
    25c2:	862a                	mv	a2,a0
    25c4:	8536                	mv	a0,a3
    25c6:	c832                	sw	a2,16(sp)
    25c8:	b39fd0ef          	jal	ra,100 <__umodsi3>
    25cc:	4642                	lw	a2,16(sp)
    25ce:	0542                	slli	a0,a0,0x10
    25d0:	01045693          	srli	a3,s0,0x10
    25d4:	8ec9                	or	a3,a3,a0
    25d6:	4752                	lw	a4,20(sp)
    25d8:	00c6fb63          	bgeu	a3,a2,25ee <__divdi3+0x22c>
    25dc:	47b2                	lw	a5,12(sp)
    25de:	96a6                	add	a3,a3,s1
    25e0:	fff78593          	addi	a1,a5,-1
    25e4:	0096e463          	bltu	a3,s1,25ec <__divdi3+0x22a>
    25e8:	2cc6e563          	bltu	a3,a2,28b2 <__divdi3+0x4f0>
    25ec:	c62e                	sw	a1,12(sp)
    25ee:	4592                	lw	a1,4(sp)
    25f0:	40c68633          	sub	a2,a3,a2
    25f4:	8532                	mv	a0,a2
    25f6:	ca3a                	sw	a4,20(sp)
    25f8:	c832                	sw	a2,16(sp)
    25fa:	adbfd0ef          	jal	ra,d4 <__hidden___udivsi3>
    25fe:	45a2                	lw	a1,8(sp)
    2600:	c42a                	sw	a0,8(sp)
    2602:	0442                	slli	s0,s0,0x10
    2604:	ab1fd0ef          	jal	ra,b4 <__mulsi3>
    2608:	4642                	lw	a2,16(sp)
    260a:	4592                	lw	a1,4(sp)
    260c:	82aa                	mv	t0,a0
    260e:	8532                	mv	a0,a2
    2610:	c216                	sw	t0,4(sp)
    2612:	aeffd0ef          	jal	ra,100 <__umodsi3>
    2616:	4792                	lw	a5,4(sp)
    2618:	0542                	slli	a0,a0,0x10
    261a:	8041                	srli	s0,s0,0x10
    261c:	8c49                	or	s0,s0,a0
    261e:	46a2                	lw	a3,8(sp)
    2620:	4752                	lw	a4,20(sp)
    2622:	00f47b63          	bgeu	s0,a5,2638 <__divdi3+0x276>
    2626:	9426                	add	s0,s0,s1
    2628:	fff68613          	addi	a2,a3,-1
    262c:	00946563          	bltu	s0,s1,2636 <__divdi3+0x274>
    2630:	16f9                	addi	a3,a3,-2
    2632:	00f46363          	bltu	s0,a5,2638 <__divdi3+0x276>
    2636:	86b2                	mv	a3,a2
    2638:	47b2                	lw	a5,12(sp)
    263a:	07c2                	slli	a5,a5,0x10
    263c:	00d7e533          	or	a0,a5,a3
    2640:	b575                	j	24ec <__divdi3+0x12a>
    2642:	10063693          	sltiu	a3,a2,256
    2646:	0016c693          	xori	a3,a3,1
    264a:	068e                	slli	a3,a3,0x3
    264c:	b3d1                	j	2410 <__divdi3+0x4e>
    264e:	4281                	li	t0,0
    2650:	00000697          	auipc	a3,0x0
    2654:	35468693          	addi	a3,a3,852 # 29a4 <__clz_tab>
    2658:	9696                	add	a3,a3,t0
    265a:	2294                	lbu	a3,0(a3)
    265c:	4501                	li	a0,0
    265e:	02000393          	li	t2,32
    2662:	96aa                	add	a3,a3,a0
    2664:	40d382b3          	sub	t0,t2,a3
    2668:	f2d387e3          	beq	t2,a3,2596 <__divdi3+0x1d4>
    266c:	005614b3          	sll	s1,a2,t0
    2670:	0104d793          	srli	a5,s1,0x10
    2674:	00d5d633          	srl	a2,a1,a3
    2678:	005593b3          	sll	t2,a1,t0
    267c:	00d756b3          	srl	a3,a4,a3
    2680:	0076e6b3          	or	a3,a3,t2
    2684:	85be                	mv	a1,a5
    2686:	8532                	mv	a0,a2
    2688:	00571433          	sll	s0,a4,t0
    268c:	c23e                	sw	a5,4(sp)
    268e:	ca32                	sw	a2,20(sp)
    2690:	c636                	sw	a3,12(sp)
    2692:	a43fd0ef          	jal	ra,d4 <__hidden___udivsi3>
    2696:	01049713          	slli	a4,s1,0x10
    269a:	8341                	srli	a4,a4,0x10
    269c:	85aa                	mv	a1,a0
    269e:	c82a                	sw	a0,16(sp)
    26a0:	853a                	mv	a0,a4
    26a2:	c43a                	sw	a4,8(sp)
    26a4:	a11fd0ef          	jal	ra,b4 <__mulsi3>
    26a8:	4652                	lw	a2,20(sp)
    26aa:	4592                	lw	a1,4(sp)
    26ac:	86aa                	mv	a3,a0
    26ae:	8532                	mv	a0,a2
    26b0:	ca36                	sw	a3,20(sp)
    26b2:	a4ffd0ef          	jal	ra,100 <__umodsi3>
    26b6:	46b2                	lw	a3,12(sp)
    26b8:	0542                	slli	a0,a0,0x10
    26ba:	0106d713          	srli	a4,a3,0x10
    26be:	46d2                	lw	a3,20(sp)
    26c0:	8f49                	or	a4,a4,a0
    26c2:	00d77d63          	bgeu	a4,a3,26dc <__divdi3+0x31a>
    26c6:	47c2                	lw	a5,16(sp)
    26c8:	9726                	add	a4,a4,s1
    26ca:	fff78613          	addi	a2,a5,-1
    26ce:	1c976e63          	bltu	a4,s1,28aa <__divdi3+0x4e8>
    26d2:	1cd77c63          	bgeu	a4,a3,28aa <__divdi3+0x4e8>
    26d6:	17f9                	addi	a5,a5,-2
    26d8:	c83e                	sw	a5,16(sp)
    26da:	9726                	add	a4,a4,s1
    26dc:	4592                	lw	a1,4(sp)
    26de:	8f15                	sub	a4,a4,a3
    26e0:	853a                	mv	a0,a4
    26e2:	ca3a                	sw	a4,20(sp)
    26e4:	9f1fd0ef          	jal	ra,d4 <__hidden___udivsi3>
    26e8:	85aa                	mv	a1,a0
    26ea:	cc2a                	sw	a0,24(sp)
    26ec:	4522                	lw	a0,8(sp)
    26ee:	9c7fd0ef          	jal	ra,b4 <__mulsi3>
    26f2:	4752                	lw	a4,20(sp)
    26f4:	4592                	lw	a1,4(sp)
    26f6:	82aa                	mv	t0,a0
    26f8:	853a                	mv	a0,a4
    26fa:	ca16                	sw	t0,20(sp)
    26fc:	a05fd0ef          	jal	ra,100 <__umodsi3>
    2700:	8634                	lhu	a3,12(sp)
    2702:	42d2                	lw	t0,20(sp)
    2704:	0542                	slli	a0,a0,0x10
    2706:	8ec9                	or	a3,a3,a0
    2708:	4662                	lw	a2,24(sp)
    270a:	0056fb63          	bgeu	a3,t0,2720 <__divdi3+0x35e>
    270e:	96a6                	add	a3,a3,s1
    2710:	fff60713          	addi	a4,a2,-1
    2714:	1896e763          	bltu	a3,s1,28a2 <__divdi3+0x4e0>
    2718:	1856f563          	bgeu	a3,t0,28a2 <__divdi3+0x4e0>
    271c:	1679                	addi	a2,a2,-2
    271e:	96a6                	add	a3,a3,s1
    2720:	47c2                	lw	a5,16(sp)
    2722:	405686b3          	sub	a3,a3,t0
    2726:	01079593          	slli	a1,a5,0x10
    272a:	00c5e733          	or	a4,a1,a2
    272e:	bdb5                	j	25aa <__divdi3+0x1e8>
    2730:	1006b793          	sltiu	a5,a3,256
    2734:	0017c793          	xori	a5,a5,1
    2738:	078e                	slli	a5,a5,0x3
    273a:	bbed                	j	2534 <__divdi3+0x172>
    273c:	4792                	lw	a5,4(sp)
    273e:	00a65433          	srl	s0,a2,a0
    2742:	00a5d333          	srl	t1,a1,a0
    2746:	00f696b3          	sll	a3,a3,a5
    274a:	8c55                	or	s0,s0,a3
    274c:	00a752b3          	srl	t0,a4,a0
    2750:	86be                	mv	a3,a5
    2752:	01045493          	srli	s1,s0,0x10
    2756:	00f597b3          	sll	a5,a1,a5
    275a:	00f2e7b3          	or	a5,t0,a5
    275e:	851a                	mv	a0,t1
    2760:	ce3a                	sw	a4,28(sp)
    2762:	85a6                	mv	a1,s1
    2764:	00d61733          	sll	a4,a2,a3
    2768:	c43e                	sw	a5,8(sp)
    276a:	cc1a                	sw	t1,24(sp)
    276c:	c83a                	sw	a4,16(sp)
    276e:	967fd0ef          	jal	ra,d4 <__hidden___udivsi3>
    2772:	01041713          	slli	a4,s0,0x10
    2776:	8341                	srli	a4,a4,0x10
    2778:	85aa                	mv	a1,a0
    277a:	c62a                	sw	a0,12(sp)
    277c:	853a                	mv	a0,a4
    277e:	ca3a                	sw	a4,20(sp)
    2780:	935fd0ef          	jal	ra,b4 <__mulsi3>
    2784:	4362                	lw	t1,24(sp)
    2786:	86aa                	mv	a3,a0
    2788:	85a6                	mv	a1,s1
    278a:	851a                	mv	a0,t1
    278c:	cc36                	sw	a3,24(sp)
    278e:	973fd0ef          	jal	ra,100 <__umodsi3>
    2792:	47a2                	lw	a5,8(sp)
    2794:	46e2                	lw	a3,24(sp)
    2796:	0542                	slli	a0,a0,0x10
    2798:	83c1                	srli	a5,a5,0x10
    279a:	8fc9                	or	a5,a5,a0
    279c:	4772                	lw	a4,28(sp)
    279e:	00d7fe63          	bgeu	a5,a3,27ba <__divdi3+0x3f8>
    27a2:	45b2                	lw	a1,12(sp)
    27a4:	97a2                	add	a5,a5,s0
    27a6:	fff58613          	addi	a2,a1,-1
    27aa:	1087e263          	bltu	a5,s0,28ae <__divdi3+0x4ec>
    27ae:	10d7f063          	bgeu	a5,a3,28ae <__divdi3+0x4ec>
    27b2:	ffe58613          	addi	a2,a1,-2
    27b6:	c632                	sw	a2,12(sp)
    27b8:	97a2                	add	a5,a5,s0
    27ba:	8f95                	sub	a5,a5,a3
    27bc:	85a6                	mv	a1,s1
    27be:	853e                	mv	a0,a5
    27c0:	d03a                	sw	a4,32(sp)
    27c2:	ce3e                	sw	a5,28(sp)
    27c4:	911fd0ef          	jal	ra,d4 <__hidden___udivsi3>
    27c8:	85aa                	mv	a1,a0
    27ca:	cc2a                	sw	a0,24(sp)
    27cc:	4552                	lw	a0,20(sp)
    27ce:	8e7fd0ef          	jal	ra,b4 <__mulsi3>
    27d2:	47f2                	lw	a5,28(sp)
    27d4:	86aa                	mv	a3,a0
    27d6:	85a6                	mv	a1,s1
    27d8:	853e                	mv	a0,a5
    27da:	84b6                	mv	s1,a3
    27dc:	925fd0ef          	jal	ra,100 <__umodsi3>
    27e0:	8434                	lhu	a3,8(sp)
    27e2:	0542                	slli	a0,a0,0x10
    27e4:	4662                	lw	a2,24(sp)
    27e6:	8ec9                	or	a3,a3,a0
    27e8:	5702                	lw	a4,32(sp)
    27ea:	0096fb63          	bgeu	a3,s1,2800 <__divdi3+0x43e>
    27ee:	96a2                	add	a3,a3,s0
    27f0:	fff60793          	addi	a5,a2,-1
    27f4:	0a86e963          	bltu	a3,s0,28a6 <__divdi3+0x4e4>
    27f8:	0a96f763          	bgeu	a3,s1,28a6 <__divdi3+0x4e4>
    27fc:	1679                	addi	a2,a2,-2
    27fe:	96a2                	add	a3,a3,s0
    2800:	47b2                	lw	a5,12(sp)
    2802:	6341                	lui	t1,0x10
    2804:	fff30293          	addi	t0,t1,-1 # ffff <_data_lma+0xd55b>
    2808:	07c2                	slli	a5,a5,0x10
    280a:	8fd1                	or	a5,a5,a2
    280c:	4642                	lw	a2,16(sp)
    280e:	0057f433          	and	s0,a5,t0
    2812:	409684b3          	sub	s1,a3,s1
    2816:	005672b3          	and	t0,a2,t0
    281a:	01065693          	srli	a3,a2,0x10
    281e:	0107d393          	srli	t2,a5,0x10
    2822:	c436                	sw	a3,8(sp)
    2824:	8522                	mv	a0,s0
    2826:	8596                	mv	a1,t0
    2828:	88dfd0ef          	jal	ra,b4 <__mulsi3>
    282c:	c62a                	sw	a0,12(sp)
    282e:	45a2                	lw	a1,8(sp)
    2830:	8522                	mv	a0,s0
    2832:	883fd0ef          	jal	ra,b4 <__mulsi3>
    2836:	842a                	mv	s0,a0
    2838:	8596                	mv	a1,t0
    283a:	851e                	mv	a0,t2
    283c:	879fd0ef          	jal	ra,b4 <__mulsi3>
    2840:	82aa                	mv	t0,a0
    2842:	45a2                	lw	a1,8(sp)
    2844:	851e                	mv	a0,t2
    2846:	86ffd0ef          	jal	ra,b4 <__mulsi3>
    284a:	46b2                	lw	a3,12(sp)
    284c:	9416                	add	s0,s0,t0
    284e:	82c1                	srli	a3,a3,0x10
    2850:	96a2                	add	a3,a3,s0
    2852:	0056f363          	bgeu	a3,t0,2858 <__divdi3+0x496>
    2856:	951a                	add	a0,a0,t1
    2858:	0106d613          	srli	a2,a3,0x10
    285c:	962a                	add	a2,a2,a0
    285e:	02c4e363          	bltu	s1,a2,2884 <__divdi3+0x4c2>
    2862:	00c48563          	beq	s1,a2,286c <__divdi3+0x4aa>
    2866:	853e                	mv	a0,a5
    2868:	4701                	li	a4,0
    286a:	b149                	j	24ec <__divdi3+0x12a>
    286c:	45b2                	lw	a1,12(sp)
    286e:	6641                	lui	a2,0x10
    2870:	167d                	addi	a2,a2,-1 # ffff <_data_lma+0xd55b>
    2872:	8ef1                	and	a3,a3,a2
    2874:	8e6d                	and	a2,a2,a1
    2876:	4592                	lw	a1,4(sp)
    2878:	06c2                	slli	a3,a3,0x10
    287a:	96b2                	add	a3,a3,a2
    287c:	00b71733          	sll	a4,a4,a1
    2880:	fed773e3          	bgeu	a4,a3,2866 <__divdi3+0x4a4>
    2884:	fff78513          	addi	a0,a5,-1
    2888:	4701                	li	a4,0
    288a:	b18d                	j	24ec <__divdi3+0x12a>
    288c:	010006b7          	lui	a3,0x1000
    2890:	02d67963          	bgeu	a2,a3,28c2 <__divdi3+0x500>
    2894:	01065293          	srli	t0,a2,0x10
    2898:	4541                	li	a0,16
    289a:	b1cd                	j	257c <__divdi3+0x1ba>
    289c:	4701                	li	a4,0
    289e:	4505                	li	a0,1
    28a0:	b1b1                	j	24ec <__divdi3+0x12a>
    28a2:	863a                	mv	a2,a4
    28a4:	bdb5                	j	2720 <__divdi3+0x35e>
    28a6:	863e                	mv	a2,a5
    28a8:	bfa1                	j	2800 <__divdi3+0x43e>
    28aa:	c832                	sw	a2,16(sp)
    28ac:	bd05                	j	26dc <__divdi3+0x31a>
    28ae:	c632                	sw	a2,12(sp)
    28b0:	b729                	j	27ba <__divdi3+0x3f8>
    28b2:	17f9                	addi	a5,a5,-2
    28b4:	c63e                	sw	a5,12(sp)
    28b6:	96a6                	add	a3,a3,s1
    28b8:	bb1d                	j	25ee <__divdi3+0x22c>
    28ba:	17f9                	addi	a5,a5,-2
    28bc:	c43e                	sw	a5,8(sp)
    28be:	9726                	add	a4,a4,s1
    28c0:	bec9                	j	2492 <__divdi3+0xd0>
    28c2:	01865293          	srli	t0,a2,0x18
    28c6:	4561                	li	a0,24
    28c8:	b955                	j	257c <__divdi3+0x1ba>

000028ca <__muldi3>:
    28ca:	1121                	addi	sp,sp,-24
    28cc:	832a                	mv	t1,a0
    28ce:	8532                	mv	a0,a2
    28d0:	862e                	mv	a2,a1
    28d2:	82b6                	mv	t0,a3
    28d4:	ca06                	sw	ra,20(sp)
    28d6:	c822                	sw	s0,16(sp)
    28d8:	c626                	sw	s1,12(sp)
    28da:	871a                	mv	a4,t1
    28dc:	86aa                	mv	a3,a0
    28de:	4781                	li	a5,0
    28e0:	4581                	li	a1,0
    28e2:	4381                	li	t2,0
    28e4:	c01a                	sw	t1,0(sp)
    28e6:	c232                	sw	a2,4(sp)
    28e8:	c42a                	sw	a0,8(sp)
    28ea:	00770633          	add	a2,a4,t2
    28ee:	0016f313          	andi	t1,a3,1
    28f2:	00f58433          	add	s0,a1,a5
    28f6:	01f75513          	srli	a0,a4,0x1f
    28fa:	8285                	srli	a3,a3,0x1
    28fc:	00e634b3          	sltu	s1,a2,a4
    2900:	0786                	slli	a5,a5,0x1
    2902:	00030563          	beqz	t1,290c <__muldi3+0x42>
    2906:	83b2                	mv	t2,a2
    2908:	008485b3          	add	a1,s1,s0
    290c:	0706                	slli	a4,a4,0x1
    290e:	8fc9                	or	a5,a5,a0
    2910:	fee9                	bnez	a3,28ea <__muldi3+0x20>
    2912:	4612                	lw	a2,4(sp)
    2914:	4302                	lw	t1,0(sp)
    2916:	4522                	lw	a0,8(sp)
    2918:	87ae                	mv	a5,a1
    291a:	c609                	beqz	a2,2924 <__muldi3+0x5a>
    291c:	85b2                	mv	a1,a2
    291e:	f96fd0ef          	jal	ra,b4 <__mulsi3>
    2922:	97aa                	add	a5,a5,a0
    2924:	00028763          	beqz	t0,2932 <__muldi3+0x68>
    2928:	851a                	mv	a0,t1
    292a:	8596                	mv	a1,t0
    292c:	f88fd0ef          	jal	ra,b4 <__mulsi3>
    2930:	97aa                	add	a5,a5,a0
    2932:	40d2                	lw	ra,20(sp)
    2934:	4442                	lw	s0,16(sp)
    2936:	44b2                	lw	s1,12(sp)
    2938:	851e                	mv	a0,t2
    293a:	85be                	mv	a1,a5
    293c:	0161                	addi	sp,sp,24
    293e:	8082                	ret

00002940 <strlen>:
    2940:	87aa                	mv	a5,a0
    2942:	2398                	lbu	a4,0(a5)
    2944:	0785                	addi	a5,a5,1
    2946:	ff75                	bnez	a4,2942 <strlen+0x2>
    2948:	40a78533          	sub	a0,a5,a0
    294c:	157d                	addi	a0,a0,-1
    294e:	8082                	ret
    2950:	6425                	lui	s0,0x9
    2952:	3b64253b          	.4byte	0x3b64253b
    2956:	6425                	lui	s0,0x9
    2958:	3b64253b          	.4byte	0x3b64253b
    295c:	6425                	lui	s0,0x9
    295e:	3b64253b          	.4byte	0x3b64253b
    2962:	6425                	lui	s0,0x9
    2964:	3b64253b          	.4byte	0x3b64253b
    2968:	6425                	lui	s0,0x9
    296a:	0d2e                	slli	s10,s10,0xb
    296c:	000a                	c.slli	zero,0x2
	...

00002970 <Adc_Enable_Table>:
    2970:	0101 0000 0000 0100 0001 0000               ............

0000297c <PWM_Enable_Table>:
    297c:	0100 0000 0000 0001 13a2 0000 13d0 0000     ................
    298c:	13d6 0000 13dc 0000 13e6 0000 13a4 0000     ................
    299c:	6e28 6c75 296c 0000                         (null)..

000029a4 <__clz_tab>:
    29a4:	0100 0202 0303 0303 0404 0404 0404 0404     ................
    29b4:	0505 0505 0505 0505 0505 0505 0505 0505     ................
    29c4:	0606 0606 0606 0606 0606 0606 0606 0606     ................
    29d4:	0606 0606 0606 0606 0606 0606 0606 0606     ................
    29e4:	0707 0707 0707 0707 0707 0707 0707 0707     ................
    29f4:	0707 0707 0707 0707 0707 0707 0707 0707     ................
    2a04:	0707 0707 0707 0707 0707 0707 0707 0707     ................
    2a14:	0707 0707 0707 0707 0707 0707 0707 0707     ................
    2a24:	0808 0808 0808 0808 0808 0808 0808 0808     ................
    2a34:	0808 0808 0808 0808 0808 0808 0808 0808     ................
    2a44:	0808 0808 0808 0808 0808 0808 0808 0808     ................
    2a54:	0808 0808 0808 0808 0808 0808 0808 0808     ................
    2a64:	0808 0808 0808 0808 0808 0808 0808 0808     ................
    2a74:	0808 0808 0808 0808 0808 0808 0808 0808     ................
    2a84:	0808 0808 0808 0808 0808 0808 0808 0808     ................
    2a94:	0808 0808 0808 0808 0808 0808 0808 0808     ................
